,BBCNewsTimes Stamp,BBCNewsTweet Text,BBCNewsCompound,BBCNewsPositive,BBCNewsNegative,BBCNewsNeutral,CBSNewsTimes Stamp,CBSNewsTweet Text,CBSNewsCompound,CBSNewsPositive,CBSNewsNegative,CBSNewsNeutral,CNNTimes Stamp,CNNTweet Text,CNNCompound,CNNPositive,CNNNegative,CNNNeutral,FoxNewsTimes Stamp,FoxNewsTweet Text,FoxNewsCompound,FoxNewsPositive,FoxNewsNegative,FoxNewsNeutral,YTTimes Stamp,YTTweet Text,YTCompound,YTPositive,YTNegative,YTNeutral
0,2018-01-15 21:08:36,"RT @BBCSport: Manchester City have decided not to pursue their interest in signing  Alexis Sanchez.

https://t.co/6lKfSfrMK9 https://t.co/k‚Ä¶",0.4588,0.158,0.0,0.842,2018-01-15 21:20:01,"Sports reporter who went missing in Texas explains her disappearance; she underwent ""five days of extensive testing‚Ä¶ https://t.co/3pCqybXxPd",-0.296,0.0,0.115,0.885,2018-01-15 21:20:26,GOP Sen. Jeff Flake plans to deliver a speech comparing President Trump's attacks on the press as reminiscent of Jo‚Ä¶ https://t.co/Bo4BWKjcxS,-0.4404,0.0,0.132,0.868,2018-01-15 21:14:29,"RT @FoxNewsResearch: Closer Look ‚Üí #DACA Recipients:
‚Ä¢689,000 active recipients as of Sep 2017
‚Ä¢Nearly 80% are from Mexico
‚Ä¢94% are from La‚Ä¶",0.4019,0.114,0.0,0.886,2018-01-15 21:19:48,"Riyadh Ritz, Converted to Posh Prison by Saudis, Is Reopening to Guests. https://t.co/TIrpbSy0Tg",-0.5106,0.0,0.216,0.784
1,2018-01-15 20:50:53,"RT @5liveSport: ""I don't think United have been great but two wonderful goals and it's 2-0,"" - @ChrisWaddle93 

Goals from Valencia and Mar‚Ä¶",0.7866,0.269,0.059,0.672,2018-01-15 21:01:01,Teen skier dies after she falls 100 feet from ledge in Switzerland https://t.co/UpuMvHUomA https://t.co/cEEk3qLfEK,0.0,0.0,0.0,1.0,2018-01-15 21:16:52,"Stars of NBC's ""The West Wing"" will hold a one-night-only reading of ""All the President's Men"" in Los Angeles‚Ä¶ https://t.co/AKJf9SKXNZ",0.0,0.0,0.0,1.0,2018-01-15 21:05:39,Crews continue to search for missing people after California mudslides https://t.co/uejMsHNyHW https://t.co/SumhUbhxXb,-0.296,0.0,0.167,0.833,2018-01-15 21:04:48,"Dan Gurney, Driver and Builder of Racecars, Is Dead at 86. https://t.co/kxI7JbvEs6",-0.7845,0.0,0.408,0.592
2,2018-01-15 20:47:57,"RT @BBCSportWales: 'I'm not on social media so I haven't seen the criticism.'

Can new Wales manager Ryan Giggs win over the doubters?

He'‚Ä¶",0.3612,0.14,0.085,0.775,2018-01-15 20:53:32,"George Clooney is coming back to the small screen; he'll direct and star in Hulu's ""Catch-22""‚Ä¶ https://t.co/azUctp4JUS",0.0,0.0,0.0,1.0,2018-01-15 21:13:49,Ancient DNA and a new technique have been used to determine the likely cause of a mystery epidemic in the 16th cent‚Ä¶ https://t.co/OAhpKC5dIE,0.0,0.0,0.0,1.0,2018-01-15 20:58:12,Coast Guard officials say they are investigation cause of deadly casino boat fire in Florida https://t.co/MggkCW7ufg https://t.co/QplqR43ieE,-0.34,0.0,0.13,0.87,2018-01-15 20:32:48,Deadly Siege of Venezuela Rebels Led by Former Action Hero Transfixes Country. https://t.co/0QXb4N5VH3,0.4215,0.22,0.11,0.671
3,2018-01-15 20:35:59,RT @BBCScotlandNews: Hundreds of jobs are set to be created during the construction of a vessel which will be used to redevelop a North Sea‚Ä¶,0.25,0.083,0.0,0.917,2018-01-15 20:40:04,"Kansas police received a report of a shooting at a home, but soon learned the call was likely a prank‚Ä¶ https://t.co/QyjnCdgdbt",0.0,0.0,0.0,1.0,2018-01-15 20:48:14,Actress Eliza Dushku has accused stunt coordinator Joel Kramer of molesting her when she was a child during filming‚Ä¶ https://t.co/55RQRGD1hn,-0.7184,0.0,0.261,0.739,2018-01-15 20:52:29,".@AxiosNick: ""Corey Lewandowski is unambiguously to @POTUS...Steve Bannon, I think particularly in light of the Wol‚Ä¶ https://t.co/z7tKw5UVqg",0.0,0.0,0.0,1.0,2018-01-15 20:07:48,Collapse of U.K. Construction Giant Rattles the Government. https://t.co/2dk1Gz2paK,-0.4939,0.0,0.286,0.714
4,2018-01-15 20:21:05,"RT @BBCSport: Chelsea's ¬£1bn development of Stamford Bridge can go ahead.

https://t.co/5hN5y9qcYL https://t.co/J8yT2RGrp4",0.0,0.0,0.0,1.0,2018-01-15 20:24:13,Did you know Martin Luther King Jr. was born under a different name? Here are 10 things you probably didn't know ab‚Ä¶ https://t.co/xusJ5l8xay,0.0,0.0,0.0,1.0,2018-01-15 20:33:22,The Syrian army vows to eject US troops from the country https://t.co/Vp3It7RGzx https://t.co/L3Xpyo8Yvn,0.0,0.0,0.0,1.0,2018-01-15 20:40:00,"UK politician splits with model girlfriend after 'indefensible' Meghan Markle remarks
 https://t.co/cxcjEf51zF",0.0,0.0,0.0,1.0,2018-01-15 20:06:48,Spain‚Äôs Prime Minister Threatens to Extend Direct Rule Over Catalonia. https://t.co/qdKXL3Bn6H,-0.2263,0.128,0.195,0.677
5,2018-01-15 19:31:52,"RT @BBCBusiness: What does the #Carillion collapse mean for schools and hospitals?
 https://t.co/TWVKlRWe3n https://t.co/TZ1dVWzOk9",-0.4939,0.0,0.198,0.802,2018-01-15 19:59:28,"""The sentiment attributed to POTUS is inconsistent w/ America's history and antithetical to American values,"" Mitt‚Ä¶ https://t.co/Rjg1PCXQzX",0.0,0.0,0.0,1.0,2018-01-15 20:25:33,"RT @CNNnewsroom: ""As she was starting to go up the ladder, she gets tossed a blue blanket - it just so happens there was a baby inside"" - C‚Ä¶",0.0,0.0,0.0,1.0,2018-01-15 20:32:27,"Toronto schoolgirl hijab attack condemned by Trudeau never happened, police say https://t.co/CI7iRDTWj2",-0.7184,0.0,0.375,0.625,2018-01-15 20:05:48,Review: Hipsters Double-Check Their Privilege in ‚ÄòCute Activist‚Äô. https://t.co/wEAvo8o5x9,0.3612,0.238,0.0,0.762
6,2018-01-15 19:29:39,RT @BBCNewsbeat: Cyrille Regis was an inspiration to many footballers both on and off the pitch üôè https://t.co/uoJqWWcXql,0.5267,0.175,0.0,0.825,2018-01-15 19:50:01,"Martin Luther King Jr. Day marked by pledges to fight racism and Pres. Trump criticism; ""We got to find a way to wo‚Ä¶ https://t.co/I6bohVcxwW",-0.8625,0.0,0.324,0.676,2018-01-15 20:21:09,"""We went out to dinner, and afterwards we ended up engaging in sexual activity, which by all indications was comple‚Ä¶ https://t.co/hJrGLFPbEV",0.34,0.107,0.0,0.893,2018-01-15 20:30:00,Super Bowl LII: How to watch and what to know https://t.co/yv8LhXrCtS,0.5994,0.281,0.0,0.719,2018-01-15 20:04:48,"Review: ‚ÄòUndesirable Elements,‚Äô Documentary Theater for Uncivil Times. https://t.co/fvtzmHXYqe",0.0,0.0,0.0,1.0
7,2018-01-15 18:53:57,Rape case collapses after 'cuddling' photos emerge https://t.co/zEckbG07mJ,-0.7845,0.0,0.535,0.465,2018-01-15 19:37:30,"U.S. moves ships, bombers toward Korea ahead of Winter Olympics https://t.co/tvfCr9JW6n https://t.co/k8Wk4tPxon",0.0,0.0,0.0,1.0,2018-01-15 20:16:06,"#MLKDay speakers home in on President Trump's alleged ""shithole"" remark https://t.co/c0iRsLnq2X https://t.co/rW7UeQU0Wu",0.0,0.0,0.0,1.0,2018-01-15 20:27:29,"Five-year-old girl finally free of ventilator, doing 'things she never could' https://t.co/4wN5klwdIJ",0.5106,0.231,0.0,0.769,2018-01-15 20:03:48,Review: Globalfest‚Äôs World Music for a Connected World. https://t.co/gf3rp1SnXq,0.0,0.0,0.0,1.0
8,2018-01-15 18:11:51,Carillion collapse: Ministers hold emergency meeting https://t.co/FLstTGJWRl,-0.7003,0.0,0.537,0.463,2018-01-15 18:55:38,Hundreds of South Florida Haitians are protesting outside President Trump's Mar-a-Lago hotel after he allegedly cal‚Ä¶ https://t.co/y5gEvvqKcv,-0.4215,0.0,0.149,0.851,2018-01-15 20:11:04,Are you more of a Botticelli or a Van Gogh? This Google app has a recently added feature that matches your face to‚Ä¶ https://t.co/l46fh7TrtR,0.0,0.0,0.0,1.0,2018-01-15 20:25:08,"Democrats, GOP blame each other ahead of possible government shutdown https://t.co/JejH8Wa6XM https://t.co/5CZ4clirWW",-0.34,0.0,0.179,0.821,2018-01-15 19:50:47,Critic‚Äôs Notebook: A Pan-American Dance Sampler at the Joyce. https://t.co/rkLF576EnD,0.0,0.0,0.0,1.0
9,2018-01-15 18:11:51,Westminster attacker 'took steroids' before terror incident https://t.co/HggcXpEXuW,-0.7964,0.0,0.542,0.458,2018-01-15 18:40:33,"Dolores O'Riordan, singer of The Cranberries, has died at the age of 46. She died suddenly Monday in London, where‚Ä¶ https://t.co/ZXsjMmhHAf",-0.802,0.0,0.275,0.725,2018-01-15 19:57:05,Will US shale ruin the oil party (again)? https://t.co/esUhD9Dzqj https://t.co/vrFekKItNn,-0.2732,0.186,0.262,0.552,2018-01-15 20:20:16,"Steve Bannon, Corey Lewandowski to testify this week at House Intel Committee - via @brookefoxnews
https://t.co/AXeXEofo3W",0.0,0.0,0.0,1.0,2018-01-15 19:47:47,The Delicate Dance of a Progressive C.E.O. in the Trump Era. https://t.co/1x3T1Bp78h,0.0516,0.107,0.0,0.893
10,2018-01-15 17:43:32,Steven Seagal denies Bond girl assault https://t.co/DRlQyh1S1O,-0.765,0.0,0.569,0.431,2018-01-15 18:25:45,Take a road trip on this U.S. Civil Rights Trail and visit historical sites that were pivotal to the civil rights m‚Ä¶ https://t.co/imrgNjLlYD,0.0,0.0,0.0,1.0,2018-01-15 19:50:07,"Mitt Romney: President Trump's comments are ""antithetical to American values"" https://t.co/9xRVonrwbs https://t.co/GEp0Yvf6nk",0.4019,0.197,0.0,0.803,2018-01-15 20:19:48,'Rainbow' dinosaur discovery: Tiny dino had colorful feathers https://t.co/9CewEE7O7Y,0.0,0.0,0.0,1.0,2018-01-15 19:33:47,Critic‚Äôs Notebook: What a Hologram of Maria Callas Can Teach Us About Opera. https://t.co/fSsgZRJCsU,0.0,0.0,0.0,1.0
11,2018-01-15 17:22:12,Barry Bennell: Ex-coach 'told me his cancer was payback' https://t.co/fM1gwM9vl9,-0.6597,0.0,0.328,0.672,2018-01-15 18:10:00,What Facebook's news feed change means for users and businesses https://t.co/NhEyqzL2GN https://t.co/RdefUg7g1v,0.0,0.0,0.0,1.0,2018-01-15 19:40:12,"President Trump's first wife, Ivana, says he ""sometimes says things that are silly"" but is ""definitely not racist""‚Ä¶ https://t.co/a8L8dAohjr",0.5574,0.213,0.0,0.787,2018-01-15 20:16:35,"Coast Guard breaking up ice on the Hudson River, @RickLeventhal reports #DailyBriefing https://t.co/xu2sOObk19",0.0,0.0,0.0,1.0,2018-01-15 19:32:47,‚ÄòThe Greatest Showman‚Äô Soundtrack Repeats at No. 1. https://t.co/ORsBK4Gi9X,0.4588,0.313,0.164,0.522
12,2018-01-15 17:20:09,"RT @BBCBreaking: Cranberries lead singer Dolores O'Riordan has died in London at the age of 46, her publicist says

https://t.co/sOZ4waQsnM‚Ä¶",-0.5574,0.0,0.159,0.841,2018-01-15 17:51:33,"Dolores O'Riordan, the lead singer of Irish band The Cranberries, has died at 46 https://t.co/0imGVwmb3K https://t.co/A6qQeLz5Rc",-0.5574,0.0,0.194,0.806,2018-01-15 19:30:09,Former Trump campaign manager Corey Lewandowski expects to voluntarily testify behind closed doors before Congress‚Ä¶ https://t.co/cod63GzKcz,0.0,0.0,0.0,1.0,2018-01-15 20:15:45,RT @FoxBusiness: .@JamieColbyTV joined @TeamCavuto with a preview of the ALL NEW season of #StrangeInheritance. Tune in tonight at 9pm ET o‚Ä¶,0.0,0.0,0.0,1.0,2018-01-15 19:16:47,"Asia and Australia Edition: Jakarta, North Korea, the Cranberries: Your Tuesday Briefing. https://t.co/Gf8jazIF2Q",0.0,0.0,0.0,1.0
13,2018-01-15 17:14:29,Cranberries singer Dolores O'Riordan dies https://t.co/X0fMDTo9RA,0.0,0.0,0.0,1.0,2018-01-15 17:40:25,"""Hate cannot drive out hate, only love can do that."" Here are 5 powerful quotes from Dr. Martin Luther King Jr.‚Ä¶ https://t.co/8T4SkIYM1g",0.7429,0.326,0.121,0.554,2018-01-15 19:20:06,"Republican congressman: President Trump's 'shithole countries' remark will ""have some consequences"" in Africa‚Ä¶ https://t.co/gLrCvLlzJq",0.0,0.0,0.0,1.0,2018-01-15 20:11:58,RT @HARRISFAULKNER: .@Bruce_LeVell on Trump's 2020 Advisory Board says to WATCH the President on #MLKDay2018 @OutnumberedOT https://t.co/3K‚Ä¶,0.0,0.0,0.0,1.0,2018-01-15 19:02:47,Study Finds Increasing Diversity on Broadway. https://t.co/0WpSGFMfQR,0.0,0.0,0.0,1.0
14,2018-01-15 16:59:21,"RT @BBCNewsGraphics: Carillion buckled under the weight of debt as its borrowing rose to ¬£900 million, in addition to a ¬£600 million pensio‚Ä¶",-0.3612,0.0,0.106,0.894,2018-01-15 17:20:02,Turkish plane's right engine experienced a sudden surge of speed that forced it to swerve to the left and skid off‚Ä¶ https://t.co/UIYw28iNPq,-0.4588,0.0,0.13,0.87,2018-01-15 19:10:05,"Turkish President Recep Tayyip Erdogan accused the US Monday of ""building an army of terror"" on Turkey's border wit‚Ä¶ https://t.co/zyzw1f7BnY",-0.6808,0.0,0.237,0.763,2018-01-15 20:10:59,"Body of 'crossbow killer' found after man killed, pregnant girlfriend injured in noise feud, reports say https://t.co/BTFznuYgyH",-0.9313,0.0,0.517,0.483,2018-01-15 18:47:47,"Challenging the Afghan State, a Cornered Strongman Tries to Ascend. https://t.co/87pKqRcz33",0.0516,0.266,0.169,0.565
15,2018-01-15 16:47:24,RT @bbcweather: Here's the set up for rush hour tonight. Showers around for many of us. Wintry element to those showers in the north. Jo ht‚Ä¶,0.0,0.0,0.0,1.0,2018-01-15 17:01:01,"President Trummp has tweeted that he used ""tough"" language but ""not that language,"" which was seen as a denial of t‚Ä¶ https://t.co/gI9IMQjwkL",0.0,0.0,0.0,1.0,2018-01-15 19:00:08,The dollar is starting off 2018 where it left off last year ‚Äî by sliding. But that's not necessarily bad news‚Ä¶ https://t.co/ESs9NcJPF0,0.431,0.125,0.0,0.875,2018-01-15 19:57:47,"NOT A STRIKE: A woman in Brazil hilariously missed the pins, but not a TV screen, during a game of bowling. https://t.co/MykbPSElC8",-0.2997,0.0,0.167,0.833,2018-01-15 18:46:47,On Baseball: What Is Baseball‚Äôs Equivalent to the Vikings‚Äô Miraculous Victory?. https://t.co/grTx6SKSZB,0.0,0.0,0.0,1.0
16,2018-01-15 16:43:00,"""Our top priority is to safeguard the continuity of public services"" in wake of #Carillion collapse - Cabinet Offic‚Ä¶ https://t.co/RKCqaUeoqa",0.0516,0.186,0.136,0.678,2018-01-15 16:42:31,"These bearded ""Merb'ys"" (aka Mermaid boys) aren't just posing for silly photos, they are helping to raise money for‚Ä¶ https://t.co/sSyicgXVVr",0.3182,0.155,0.0,0.845,2018-01-15 18:50:06,Russian foreign minister berates the US for 'destabilizing' the world https://t.co/g59Y2Y4BQP https://t.co/QGSzMjerfY,0.0,0.0,0.0,1.0,2018-01-15 19:54:33,OPINION: I received the Hawaii missile alert: Here's what I told my kids when I thought I had minutes to live (via‚Ä¶ https://t.co/MlvAh4C3YB,0.296,0.109,0.0,0.891,2018-01-15 18:33:47,"Dolores O‚ÄôRiordan, Lead Singer of the Cranberries, Dies. https://t.co/67xyCxjSfF",0.0,0.0,0.0,1.0
17,2018-01-15 16:30:54,RT @BBCNewsround: What's life like for Rohingya children in refugee camps? Kids there answer UK children's questions. https://t.co/FA02WIBm‚Ä¶,0.3612,0.128,0.0,0.872,2018-01-15 16:40:01,"Iranian tanker goes down in flames, leaving a mess at sea; It's unclear how much highly toxic gas condensate from I‚Ä¶ https://t.co/vv2iJ1UDaN",-0.5423,0.0,0.191,0.809,2018-01-15 18:40:07,What to do when your boss is a bully https://t.co/v3OW2zGJGs https://t.co/aVPyyPuB0n,-0.4939,0.0,0.262,0.738,2018-01-15 19:41:59,"Google app compares selfies to museum portraits, goes viral https://t.co/7VcBLAtmml",0.0,0.0,0.0,1.0,2018-01-15 18:32:47,Books of The Times: Catching Up With Denis Johnson‚Äôs Star-Crossed Drifters. https://t.co/8c4mYsu1Gw,0.0,0.0,0.0,1.0
18,2018-01-15 16:15:12,"Follow the latest #Carillion developments 

https://t.co/XtbuiKPwm6 https://t.co/M4LqN0pWKB",0.0,0.0,0.0,1.0,2018-01-15 16:22:25,U.K. politician says he has broken up with his girlfriend after she made racist remarks about Meghan Markle. In her‚Ä¶ https://t.co/4X8JImqCF2,-0.7964,0.0,0.272,0.728,2018-01-15 18:30:05,"On Tuesday, the victims of Larry Nassar, the former USA Gymnastics team doctor, will speak out in a Michigan court‚Ä¶ https://t.co/aNm39z2Alj",-0.3182,0.0,0.108,0.892,2018-01-15 19:34:06,".@GovMattBevin: ""Having individuals that are capable of working, working in exchange for the things they receive, i‚Ä¶ https://t.co/3Uk7Nzp80s",0.3818,0.133,0.0,0.867,2018-01-15 18:31:47,Ms. Fendi and Ms. Prada and All Their Baggage. https://t.co/cdxFQ8ivjw,0.0,0.0,0.0,1.0
19,2018-01-15 16:03:07,"House of Commons committee to hold inquiry into government outsourcing following #Carillion's liquidation 

https://t.co/8i8l4C4Y9k",0.0,0.0,0.0,1.0,2018-01-15 16:02:01,"Trust of media takes a hit during first year of Trump presidency, as Americans are increasingly confused about who‚Ä¶ https://t.co/t6CTeAIuxk",0.25,0.146,0.102,0.752,2018-01-15 18:20:09,"The United Arab Emirates says that Qatari military jets have ""intercepted"" two commercial planes bound for Bahrain,‚Ä¶ https://t.co/gRxwldYlaK",0.4215,0.141,0.0,0.859,2018-01-15 19:32:24,".@GovMattBevin: ""I'm willing to bet on human beings doing what's best for them, not what's worst for them.""‚Ä¶ https://t.co/JAQw9qgL9b",0.8173,0.306,0.0,0.694,2018-01-15 18:19:47,Knife Attack at Russian School Leaves at Least 12 Wounded. https://t.co/KMGDUqnR6G,-0.4767,0.0,0.237,0.763
20,2018-01-15 15:28:26,"RT @BBCSport: The ECB says it will decide within 48 hours on Ben Stokes' availability to represent England.

The cricketer has been charged‚Ä¶",0.0,0.0,0.0,1.0,2018-01-15 15:42:01,"Female passenger dies after casino boat fire forces dozens to jump in water in Prt Richey, Florida‚Ä¶ https://t.co/99XMbYDC8T",-0.34,0.0,0.124,0.876,2018-01-15 18:11:08,"Dolores O'Riordan, the lead singer of The Cranberries, died on Monday, her publicist says. She was 46.‚Ä¶ https://t.co/CCElnkkWSh",-0.5574,0.0,0.175,0.825,2018-01-15 19:22:07,".@ianbremmer on Hawaii's false missile alert: ""[North Korea likes] the fact that they can sow panic in the United S‚Ä¶ https://t.co/oQOt7pUidS",0.1779,0.19,0.125,0.684,2018-01-15 18:18:47,"A Blot on Ireland‚Äôs Past, Facing Demolition. https://t.co/DrSYq8jRlu",0.0,0.0,0.0,1.0
21,2018-01-15 15:26:41,"RT @BBC_HaveYourSay: Carillion - ""Everyone on the site got told: 'That's it, go home.'""
https://t.co/TRJeFHFztJ",0.0,0.0,0.0,1.0,2018-01-15 15:22:01,"President Trump remarks polarize conservative Christians, as some call the president racist and say church leaders‚Ä¶ https://t.co/lIkPM2SsBn",-0.6124,0.0,0.2,0.8,2018-01-15 18:05:08,"Donate time. Donate talent. Donate treasure.

Here are some of the ways you can make a difference this #MLKday‚Ä¶ https://t.co/pDCSuQVEZH",0.6124,0.227,0.0,0.773,2018-01-15 19:16:51,".@ianbremmer: ""It isn't hard to be diplomatic...When you throw that away, you throw away a fair amount of American‚Ä¶ https://t.co/hMFbbNgOvc",0.381,0.175,0.0,0.825,2018-01-15 18:16:47,"Dolores O‚ÄôRiordan, Lead Singer of The Cranberries, Dies. https://t.co/67xyCxjSfF",0.0,0.0,0.0,1.0
22,2018-01-15 15:17:14,RT @bbcthree: London is experiencing a huge spike in acid attacks. We sort the myths from the facts. #AcidAttack https://t.co/lnCBJjVA5E,-0.1531,0.104,0.131,0.766,2018-01-15 15:10:58,"A moment of silence followed by a prayer is held at the Martin Luther King Jr. memorial in Washington, D.C. to comm‚Ä¶ https://t.co/KFTSQEXGRW",0.0,0.0,0.0,1.0,2018-01-15 17:54:07,"GOP satisfaction with the direction of the United States is now the highest it has been since 2007, according to a‚Ä¶ https://t.co/fxmqbqzn9E",0.6908,0.222,0.0,0.778,2018-01-15 19:10:44,"'Jodi Arias: An American Murder Mystery': Former detective calls case 'a travesty,' reveals awful details in TV spe‚Ä¶ https://t.co/BACIYK5OdL",-0.8271,0.0,0.312,0.688,2018-01-15 17:58:49,Front Burner: Canada‚Äôs Oysters: Treasures Ready to Be Slurped. https://t.co/vlW9iliwVh,0.6486,0.398,0.0,0.602
23,2018-01-15 14:35:22,"RT @richard_conway: ECB on Stokes: ""aware.. charged with affray in relation to an incident in Bristol in September.
‚ÄúThe Board will now con‚Ä¶",-0.2023,0.0,0.076,0.924,2018-01-15 15:07:45,"‚ÄúWe are going to be a great generation,‚Äù Martin Luther King Jr.‚Äôs granddaughter leads the crowd in a chant at the w‚Ä¶ https://t.co/Hzgte9kgAx",0.6249,0.17,0.0,0.83,2018-01-15 17:44:24,The least racist person in the world doesn't talk about being the least racist person in the world | Analysis by‚Ä¶ https://t.co/ocSzrABAwU,0.7536,0.253,0.0,0.747,2018-01-15 19:04:57,OPINION: Hawaii alert fiasco is a wake-up call for America to get serious about missile defense (via‚Ä¶ https://t.co/I3IRyStSbN,-0.2263,0.174,0.216,0.61,2018-01-15 17:57:47,Front Burner: A Buttery Spanish Cheese for Melting. https://t.co/FMiLusvyLc,0.0,0.0,0.0,1.0
24,2018-01-15 14:21:42,"RT @BBCWorld: Extraordinary footage shows the moment a speeding car crashes into the upper floor of an office building in California 

http‚Ä¶",0.0,0.0,0.0,1.0,2018-01-15 15:06:31,‚ÄúWhat I am here to do is to look to the future. To figure out how we as a nation can come together as the nation th‚Ä¶ https://t.co/g4gTrwJc1b,0.0,0.0,0.0,1.0,2018-01-15 17:31:55,A fire broke out on a shuttle boat taking passengers to a casino boat in Florida. One person died and 15 people wer‚Ä¶ https://t.co/iGCWC2Gsu8,-0.8316,0.0,0.328,0.672,2018-01-15 18:55:44,".@Theonlyhonest: ""On numerous occasions, Trump has managed to fail at bringing the country together."" #OutnumberedOT https://t.co/hQ8B8XCocw",-0.5423,0.0,0.189,0.811,2018-01-15 17:55:47,Front Burner: Dinners Showcase the Flavors of New York‚Äôs Immigrant Kitchens. https://t.co/ak4IDqr8Ru,0.0,0.0,0.0,1.0
25,2018-01-15 14:07:37,"RT @DannyShawBBC: FROM CPS: ‚ÄúBen Stokes, 26, Ryan Ali, 28, and Ryan Hale, 26, are all due to appear before Bristol Magistrates‚Äô Court on a‚Ä¶",0.0,0.0,0.0,1.0,2018-01-15 15:02:47,"WATCH: Wreath-laying ceremony at Martin Luther King Jr. memorial in Washington, D.C. to commemorate holiday‚Ä¶ https://t.co/15qUAnN1dE",0.0,0.0,0.0,1.0,2018-01-15 17:20:12,The CDC has postponed a planned session on preparing for a nuclear disaster https://t.co/b12q6fEejN https://t.co/Or4VGtoBPN,-0.7096,0.0,0.349,0.651,2018-01-15 18:53:47,Trish Regan: 'Everybody Wants to Paint President Trump as a Racist' https://t.co/EU2Cbl2OK1,-0.6124,0.0,0.286,0.714,2018-01-15 17:52:47,"Graydon Carter, Ex-Editor of Vanity Fair, Invests in an App. https://t.co/iraRn4CS7G",0.1027,0.174,0.144,0.682
26,2018-01-15 14:06:02,Ben Stokes: England cricketer charged with affray https://t.co/2Qk1k6u88f,-0.2023,0.0,0.205,0.795,2018-01-15 15:02:31,WATCH: A second-story floor collapses underneath dozens of people at Indonesia's stock exchanging -- sending them p‚Ä¶ https://t.co/HwWCDvoRec,-0.296,0.0,0.121,0.879,2018-01-15 17:10:13,South Africa will issue a diplomatic protest to the United States over President Trump's 'shithole countries' remar‚Ä¶ https://t.co/N25GAbtDgv,0.2023,0.141,0.101,0.758,2018-01-15 18:39:39,"Dolores O'Riordan, beloved Cranberries singer, dies suddenly at 46 https://t.co/8hCrXA2rU5",0.5106,0.268,0.0,0.732,2018-01-15 17:50:47,Unbuttoned: Airbrushing Meets the #MeToo Movement. Guess Who Wins.. https://t.co/O0aN8WYsBa,0.0,0.0,0.0,1.0
27,2018-01-15 13:14:22,Ryan Giggs: Manchester United legend named Wales manager https://t.co/gMdqc38pZw,0.4215,0.259,0.0,0.741,2018-01-15 14:42:01,"Russia, Turkey and the Syrian government denounced the U.S.-backed Syria force as a ""terrorist army""‚Ä¶ https://t.co/jK2J1m1iYv",-0.6908,0.0,0.251,0.749,2018-01-15 17:00:13,ICE pledges immigration crackdown on businesses. Here's what it looks like: https://t.co/gsa8pDo0d2 https://t.co/oM8QzsBgMH,0.3612,0.172,0.0,0.828,2018-01-15 18:11:05,".@RepMcSally: ""There is no such thing as doing a clean DREAM Act. The Democrats need to get over it, it's not happe‚Ä¶ https://t.co/1sikXIVgyy",0.4995,0.204,0.083,0.713,2018-01-15 17:49:48,Philippines Shuts Down News Site Critical of Rodrigo Duterte. https://t.co/17mch8gUYp,-0.3182,0.0,0.204,0.796
28,2018-01-15 13:11:59,"RT @BBCSportWales: Manchester United legend Ryan Giggs has been appointed as the new manager of Wales, succeeding Chris Coleman on a four-y‚Ä¶",0.7184,0.24,0.0,0.76,2018-01-15 14:22:38,WATCH: A firefighter makes a life-saving catch when a mother throws her baby over a third floor balcony in an attem‚Ä¶ https://t.co/raKLYNgOa2,0.0,0.0,0.0,1.0,2018-01-15 16:50:06,"Don't be fooled. Wall Street, not Main Street, is the big tax winner. https://t.co/V1Dqje0GjI https://t.co/TF22yCFwIu",0.717,0.315,0.0,0.685,2018-01-15 18:09:08,".@RepMcSally on DACA: ""It looks like the Democrats are not negotiating in good faith."" #OutnumberedOT https://t.co/ZOV9egB53m",0.0243,0.132,0.127,0.741,2018-01-15 17:48:47,Balcony at Indonesian Stock Exchange in Jakarta Collapses. https://t.co/0T0s35QT5g,-0.296,0.0,0.216,0.784
29,2018-01-15 12:44:41,Momentum founder Jon Lansman voted on to Labour's NEC https://t.co/q0jAa4qQFO,0.0,0.0,0.0,1.0,2018-01-15 14:02:01,"""Several victims"" reported in shooting on San Francisco highway early on Monday https://t.co/LWvCL28vvP https://t.co/1ZvPFIQ1D2",-0.3182,0.0,0.15,0.85,2018-01-15 16:40:16,"Ford announces the Mach 1, a high-performance electric SUV that will be among 16 all-electric vehicles the company‚Ä¶ https://t.co/P6iGxrH1Ws",0.0,0.0,0.0,1.0,2018-01-15 18:02:41,"Driver crashes car into second story of California building, officials say https://t.co/Odc9pU21vs https://t.co/tvPha0DnEv",0.0,0.0,0.0,1.0,2018-01-15 17:47:47,"The Week Ahead: More Bank Earnings, China‚Äôs Growth and Sundance Without Weinstein. https://t.co/rVlEOnBSUw",0.3818,0.178,0.0,0.822
30,2018-01-15 12:44:41,RAF intercepts Russian bombers near UK 'area of interest' https://t.co/1dDbr2Dlal,0.4588,0.25,0.0,0.75,2018-01-15 13:47:39,Navigation apps like Waze and Google Maps can help speed up your commute. But they can make secret shortcuts very p‚Ä¶ https://t.co/esTwBVXfX6,0.6369,0.206,0.0,0.794,2018-01-15 16:30:08,"Mitt Romney: President Trump's comments are ""antithetical to American values"" https://t.co/0mEAmyUMUa https://t.co/OXyh7qSbwD",0.4019,0.197,0.0,0.803,2018-01-15 17:48:54,Diamond the size of two golf balls unearthed in African mine https://t.co/wKP5EtD8UJ,0.34,0.179,0.0,0.821,2018-01-15 17:46:47,"Front Burner: Cooking, the Benjamin Franklin Way. https://t.co/mPfg0DUYMl",0.0,0.0,0.0,1.0
31,2018-01-15 12:02:12,Man denies Buckingham Palace sword terror charge https://t.co/4LafsZCr7v,-0.7351,0.0,0.508,0.492,2018-01-15 13:44:39,The tourism industry is worried about a new government system that warns of unsafe travel destinations. The new fea‚Ä¶ https://t.co/n7TBTNn86G,-0.3818,0.0,0.175,0.825,2018-01-15 16:20:01,"Watch this ice flow, crinkle and crack its way down the Housatonic River in Connecticut https://t.co/5g9Aqq0V7U https://t.co/sZac9i8p8w",0.0,0.0,0.0,1.0,2018-01-15 17:30:25,"JUST IN: @The_Cranberries singer Dolores O‚ÄôRiordan dead at 46, publicist confirms https://t.co/8hCrXA2rU5 https://t.co/6z5prdjZLX",-0.6486,0.0,0.264,0.736,2018-01-15 17:45:47,Front Burner: An Old New York Taste by Way of Vermont. https://t.co/LqoZtTv4PW,0.0,0.0,0.0,1.0
32,2018-01-15 11:41:48,RT @bbcweather: Blustery showers for many of us at lunchtime today. Brolly at the ready. Jo https://t.co/rnYbrTlmPJ,0.3612,0.135,0.0,0.865,2018-01-15 13:42:01,"From taxes to immigration, Pres. Trump has followed through on dozens of his campaign promises during his first yea‚Ä¶ https://t.co/SH5mE3Udpo",0.3818,0.12,0.0,0.88,2018-01-15 16:10:06,Why focusing on 'shithole' totally misses the point | Analysis by @CillizzaCNN https://t.co/PO1MhzWZdG https://t.co/Qn2XG4oiy9,-0.2944,0.0,0.155,0.845,2018-01-15 17:10:55,".@CharlesHurt: ""I think there's a very, very good chance that we could wind up with a shutdown come Friday."" https://t.co/OmReyLBj3x",0.7196,0.273,0.0,0.727,2018-01-15 17:15:47,"The Healing Edge: After Surgery in the Womb, a Baby Kicks Up Hope. https://t.co/EMK3O16nTc",0.4404,0.195,0.0,0.805
33,2018-01-15 11:39:43,Paul Lambert appointed Stoke manager https://t.co/K2CNB1FeDS,0.0,0.0,0.0,1.0,2018-01-15 13:41:01,"Commentary: ""It's the economy, stupid"" could be trumped as recent poll shows 66% of Americans believe the economy i‚Ä¶ https://t.co/qx3XjeIH41",-0.5267,0.0,0.152,0.848,2018-01-15 16:00:11,"Why fixing @Uber‚Äôs brand has become the personal mission of Chief Brand Officer @badassboz 

#BossFiles with‚Ä¶ https://t.co/9Qt2IKpxji",0.0,0.0,0.0,1.0,2018-01-15 17:08:56,.@mgoodwin_nypost: Trump may be digging himself into a 's---hole' https://t.co/drtuIFEvsD,0.0,0.0,0.0,1.0,2018-01-15 17:02:47,Victoria Beckham Draws Uproar Over Superthin Model in Ad Campaign. https://t.co/c9TP1kIfNF,0.0,0.0,0.0,1.0
34,2018-01-15 11:32:06,"RT @BBCSport: Paul Lambert has been named the new Stoke City manager.

More: https://t.co/1yi2PHpSv7 https://t.co/UTXpp8hjY0",0.0,0.0,0.0,1.0,2018-01-15 13:39:39,"In the @CBSThisMorning series #AmericanVoices, we are taking a look at Oklahoma City Mayor Mick Cornett‚Äôs four term‚Ä¶ https://t.co/T5KEXAV1Nv",0.0,0.0,0.0,1.0,2018-01-15 15:50:11,"Dozens of people injured after a floor at the Indonesia Stock Exchange in Jakarta collapsed, spilling people onto t‚Ä¶ https://t.co/ko02X6Xcin",-0.5859,0.0,0.22,0.78,2018-01-15 17:04:25,Car slams into second story building in California https://t.co/klZHdJeAax,0.0,0.0,0.0,1.0,2018-01-15 17:00:47,Front Burner: A Brunch Where the Mole Flows. https://t.co/Vb3fU6KlSc,0.0,0.0,0.0,1.0
35,2018-01-15 11:13:43,"RT @bbc5live: Virgin Trains is to reverse its decision to stop selling the Daily Mail on its West Coast services.

5 live Money's @DanniHew‚Ä¶",-0.296,0.0,0.091,0.909,2018-01-15 13:34:19,Here‚Äôs a look at some of this morning‚Äôs other headlines on @CBSThisMorning https://t.co/Mb2NNqYvRW,0.0,0.0,0.0,1.0,2018-01-15 15:49:27,"RT @cnnbrk: Mitt Romney swipes at Trump in an MLK Day tweet, says ""shithole"" comment attributed to the President is ""antithetical to Americ‚Ä¶",0.0,0.0,0.0,1.0,2018-01-15 16:55:34,Sarah Sanders Calls Out Amazon After 2-Year-Old's Batman Toy Order https://t.co/ffNL7Oe2Ii,0.1779,0.145,0.0,0.855,2018-01-15 16:17:47,‚ÄòI‚Äôm Not a Racist‚Äô. https://t.co/VCNn7qwDx8,0.0,0.0,0.0,1.0
36,2018-01-15 11:05:24,BBC newsreader George Alagiah to undergo medical treatment for bowel cancer for second time‚Ä¶ https://t.co/MGTyLMTsIc,-0.6597,0.0,0.239,0.761,2018-01-15 13:29:03,"In honor of the Martin Luther King Jr. holiday, southern States are unveiling a trail that highlights landmarks of‚Ä¶ https://t.co/xI7KKytPKa",0.7096,0.258,0.0,0.742,2018-01-15 15:39:09,"Former Secretary of State Condoleezza Rice: Kim Jong Un is ""actually pretty clever"" https://t.co/w3vs6dZsDs https://t.co/FebEQ8DqaV",0.7351,0.323,0.0,0.677,2018-01-15 16:55:00,"British officials demand answers, better data on illegal immigration https://t.co/YAShhAG7V7 (via @christocarbone)",-0.296,0.171,0.3,0.529,2018-01-15 15:59:47,Lesotho Diamond Weighs More Than a Baseball. https://t.co/dESLON1pDd,0.34,0.286,0.0,0.714
37,2018-01-15 11:02:37,George Alagiah to be treated for bowel cancer for the second time https://t.co/JBtvdQdRpn,-0.6597,0.0,0.268,0.732,2018-01-15 13:22:32,Aziz Ansari has been accused of sexual misconduct by a woman who says he was aggressive toward her and forced her t‚Ä¶ https://t.co/N6NG7DpuN9,-0.7003,0.0,0.264,0.736,2018-01-15 15:29:07,"Donate time. Donate talent. Donate treasure.

Here are some of the ways you can make a difference this #MLKday‚Ä¶ https://t.co/y2erEqM5Dq",0.6124,0.227,0.0,0.773,2018-01-15 16:46:33,"Man allegedly threatened by former NY Gov. Eliot Spitzer files formal complaint - via @brookefoxnews
https://t.co/pP57KAS761",-0.6369,0.0,0.286,0.714,2018-01-15 15:58:47,What to Cook: A Cake for Dr. King. https://t.co/XPbAv9LO3A,0.0,0.0,0.0,1.0
38,2018-01-15 10:53:45,"RT @BBCEngland: A ""true hero"" surgeon who saved the lives of hundreds of British and Argentine troops during the Falklands War dies aged 71‚Ä¶",0.6486,0.287,0.121,0.592,2018-01-15 13:19:24,"Helena Foulkes, executive vice president of CVS Health and president of CVS Pharmacy, joins @CBSThisMorning to disc‚Ä¶ https://t.co/eyEyHnDBp5",0.0,0.0,0.0,1.0,2018-01-15 15:17:35,Chelsea Manning releases her first campaign video in her run for US Senate  https://t.co/GUQEYUm3BI https://t.co/4FlCEjHVea,0.0,0.0,0.0,1.0,2018-01-15 16:45:09,"Trump administration celebrates Martin Luther King Jr. -  via @brookefoxnews
https://t.co/NYcn9u935S",0.5719,0.291,0.0,0.709,2018-01-15 15:45:46,Music Therapy Offers an End-of-Life Grace Note. https://t.co/iLdiIgu89x,0.4215,0.286,0.0,0.714
39,2018-01-15 10:33:30,Virgin Trains to resume Daily Mail sales https://t.co/7MohRXsIMy,0.0,0.0,0.0,1.0,2018-01-15 13:18:28,"First on @CBSThisMorning,"" CVS Health is announcing a major change to how you shop for beauty products. The nation'‚Ä¶ https://t.co/KQTb1EOfeZ",0.5859,0.174,0.0,0.826,2018-01-15 15:05:01,"President Trump's first wife, Ivana, says he ""sometimes says things that are silly"" but is ""definitely not racist""‚Ä¶ https://t.co/WUScpiuaE1",0.5574,0.213,0.0,0.787,2018-01-15 16:44:59,"Visiting North Korea? Draft a will and make funeral plans, State Department says https://t.co/CDFC1zXG6y",-0.3612,0.0,0.172,0.828,2018-01-15 15:44:47,Review: ‚ÄòBlack Lightning‚Äô Is Pulp With a Purpose. https://t.co/UoTpQWF3B0,0.0,0.0,0.0,1.0
40,2018-01-15 10:13:23,Barry McElduff has resigned as MP for West Tyrone https://t.co/MJS8yBNObl,-0.25,0.0,0.182,0.818,2018-01-15 13:06:42,Pres. Trump says an immigration compromise to save DACA may be dead. The talks have stalled after the president‚Äôs r‚Ä¶ https://t.co/uRoJ3OFgiG,-0.4404,0.117,0.223,0.659,2018-01-15 14:53:03,"""I am the least racist person you have ever interviewed."" 

President Trump says he is ""not a racist"" in response t‚Ä¶ https://t.co/bEOszWWUON",0.7536,0.253,0.0,0.747,2018-01-15 16:38:43,.@TomFitton on Uranium One Indictment: DOJ Must 'Aggressively' Investigate Clintons &amp; Russia https://t.co/aPqy211QKJ,0.0,0.0,0.0,1.0,2018-01-15 15:30:46,"Airbus A380, Once the Future of Aviation, May Cease Production. https://t.co/AENU5nP5zI",0.0,0.0,0.0,1.0
41,2018-01-15 09:55:21,"RT @BBCSport: The man who invented champagne-spraying celebrations on the podium.

Formula 1 legend Dan Gurney has died aged 86: https://t.‚Ä¶",-0.7351,0.0,0.256,0.744,2018-01-15 13:05:22,Officials face widespread criticism after a false alarm warned the public of an approaching missile attack in Hawai‚Ä¶ https://t.co/tpgX9CDt8I,-0.8591,0.0,0.429,0.571,2018-01-15 14:36:43,"RT @CNNnewsroom: Rep. Gregory Meeks: Trump saying he's not a racist is ""a joke,"" says Trump ""absolutely knows that he is playing to the rac‚Ä¶",0.6149,0.186,0.0,0.814,2018-01-15 16:34:24,Pizza shop customers brawl over a missing cellphone that wasn‚Äôt actually missing https://t.co/3iVeXoCztG,-0.5267,0.0,0.306,0.694,2018-01-15 14:43:46,Unbuttoned: Airbrushing Meets the #MeToo Movement. Guess Who Wins?. https://t.co/O0aN8Xg3sI,0.0,0.0,0.0,1.0
42,2018-01-15 09:05:24,House price growth in Wales outstrips UK - Principality https://t.co/fRimEliI9f,0.3818,0.245,0.0,0.755,2018-01-15 13:02:01,Inside Hawaii's emergency alert command center after a human error . caused a The false missile alert to be acciden‚Ä¶ https://t.co/7KQPDvhhuy,-0.2263,0.186,0.224,0.591,2018-01-15 14:32:30,"Haiti's ambassador to the US says President Trump's recent comments about Haiti were ""an insult to our dignity,"" ad‚Ä¶ https://t.co/KtrxCWJsGF",-0.5106,0.0,0.148,0.852,2018-01-15 16:25:52,Thousands displaced as Philippine volcano erupts and lava flows https://t.co/DwkRL76Be7 https://t.co/8ts44XLx4A,0.0,0.0,0.0,1.0,2018-01-15 14:01:46,"Suicide Bombs in Baghdad Kill Dozens, Puncturing Newfound Sense of Hope. https://t.co/0Y8SlRX4AS",-0.8074,0.137,0.436,0.427
43,2018-01-15 08:57:12,"RT @BBCSport: A spectacular 1981-82 goal of the season, a wonderful moment.

What is your favourite Cyrille Regis memory? Tell us using #bb‚Ä¶",0.5719,0.156,0.0,0.844,2018-01-15 12:52:41,Here‚Äôs a look at some of this morning‚Äôs other headlines on @CBSThisMorning: https://t.co/k0DHbkn9XO,0.0,0.0,0.0,1.0,2018-01-15 14:21:46,"After dismantling the Pittsburgh Steelers, the Jacksonville Jaguars are now just one win away from reaching Super B‚Ä¶ https://t.co/COl4XqX8aM",0.8591,0.373,0.0,0.627,2018-01-15 16:18:29,".@RepArrington: ""I'm not interested in deporting the DACA recipients but we're not interested in granting amnesty t‚Ä¶ https://t.co/3hPIJ5gFLw",-0.7148,0.0,0.317,0.683,2018-01-15 12:57:46,Op-Ed Columnist: Details on the List of Trump‚Äôs Racist Statements. https://t.co/Ym1CMeulvE,-0.6124,0.0,0.286,0.714
44,2018-01-15 08:47:31,"RT @BBCSport: Now that was seriously impressive!

Rafael Nadal has taken the first set 6-1, in 23 minutes. #ausopen #bbctennis.

Text and l‚Ä¶",0.4389,0.137,0.065,0.799,2018-01-15 12:45:04,"The Walt Disney Company might soon replace ""do not disturb"" signs at all of its resorts with ones that say ""room oc‚Ä¶ https://t.co/5JP4N0IZmv",0.3089,0.093,0.0,0.907,2018-01-15 14:08:29,South Africa will issue a diplomatic protest to the United States over President Trump's 'shithole countries' remar‚Ä¶ https://t.co/5j3Zy83tYD,0.2023,0.141,0.101,0.758,2018-01-15 16:14:48,.@newtgingrich: It would be a colossal mistake to give up on Martin Luther King's dream https://t.co/Q2NBftzyHX,-0.1027,0.115,0.138,0.747,2018-01-15 12:11:46,Philippines Shuts Down News Site Critical of Rodrigo Duterte. https://t.co/17mch8gUYp,-0.3182,0.0,0.204,0.796
45,2018-01-15 08:23:57,"RT @BBCr4today: Minister for the Cabinet Office David Lidington says ever since Carillion profit warnings came out, departments dealing wit‚Ä¶",0.1779,0.126,0.095,0.779,2018-01-15 12:44:35,A building collapse inside the Indonesian Stock Exchanged in Jakarta injured more than 70 people. Dramatic video ca‚Ä¶ https://t.co/jvcbekQOvo,-0.7096,0.0,0.269,0.731,2018-01-15 13:57:07,These lawmakers were in the Trump immigration meeting. Here's what they had to say. https://t.co/xfmxZgemF9 https://t.co/Gy94AwVtcN,0.0,0.0,0.0,1.0,2018-01-15 15:56:23,NYPD Officer Dragged During Traffic Stop https://t.co/suTP2xIWcV,-0.34,0.0,0.405,0.595,2018-01-15 11:30:45,Catherine Deneuve Apologizes to Victims after Denouncing #MeToo. https://t.co/hN0D3sMdZw,0.0516,0.212,0.195,0.593
46,2018-01-15 08:22:01,"Where did it go wrong for #Carillion?

https://t.co/ns1ZL4m0Ez",-0.4767,0.0,0.307,0.693,2018-01-15 12:42:25,WATCH: The SpaceX Dragon detached from the International Space Station and drifted towards Earth on Sunday. It is e‚Ä¶ https://t.co/mAXBFN6Qa6,-0.128,0.0,0.073,0.927,2018-01-15 13:46:33,"The Philippines' most active volcano has shown signs of imminent eruption, forcing thousands of people on the main‚Ä¶ https://t.co/Nc2tBTk5Rp",0.4576,0.143,0.0,0.857,2018-01-15 15:52:51,Kim Jong Un's favorite girl band may be among 140-member art troupe from North Korea heading to Olympics https://t.co/am4DSJH4jX,0.4588,0.143,0.0,0.857,2018-01-15 11:29:45,The Stone: Will America Choose King‚Äôs Dream or Trump‚Äôs Nightmare?. https://t.co/RGFaZ7GcIW,0.25,0.167,0.0,0.833
47,2018-01-15 08:07:26,"RT @BBCSport: Cyrille Regis, the former West Brom and England forward, has passed away: https://t.co/VpIqHmv2Tw https://t.co/grYz6KFXlQ",0.0,0.0,0.0,1.0,2018-01-15 12:34:12,Comedian Aziz Ansari is pushing back against allegations of sexual misconduct. The accuser says during a sexual enc‚Ä¶ https://t.co/9EK8Ryk0uV,0.3818,0.133,0.0,0.867,2018-01-15 13:35:06,What Trump doesn't get about Martin Luther King Jr. | via @CNNopinion https://t.co/APZ84LmHU8 https://t.co/5wHdxgC9vt,0.0,0.0,0.0,1.0,2018-01-15 15:28:52,Democrats ramp up efforts to boycott Trump's State of the Union address https://t.co/UNQAYb1Zh4,-0.3182,0.0,0.161,0.839,2018-01-15 11:28:45,"Contributing Op-Ed Writer: When America and Pakistan Fight, It‚Äôs Afghanistan That Suffers. https://t.co/mUTykY3jnw",-0.6908,0.0,0.341,0.659
48,2018-01-15 08:06:56,Cyrille Regis: Ex-West Brom and England forward dies aged 59 https://t.co/CU2NpmxKtz,0.0,0.0,0.0,1.0,2018-01-15 12:33:05,"Here are three things you need to know this morning:
1Ô∏è‚É£ Martin Luther King Jr. Day
2Ô∏è‚É£ Government shutdown deadlin‚Ä¶ https://t.co/AYwLeq2hIo",0.0,0.0,0.0,1.0,2018-01-15 13:31:13,"Bill Murray debuts his Steve Bannon on ""SNL"" https://t.co/PsuAhCz7Da https://t.co/DHdY1l4KIV",0.0,0.0,0.0,1.0,2018-01-15 15:20:04,UK politician splits with model girlfriend after 'indefensible' Meghan Markle remarks https://t.co/A1owPx7qSL,0.0,0.0,0.0,1.0,2018-01-15 11:27:45,Contributing Op-Ed Writer: Tuesday Becomes Execution Day in Egypt. https://t.co/gqajkKV3Md,0.0,0.0,0.0,1.0
49,2018-01-15 08:03:42,RT @BBCr4today: UKIP leader Henry Bolton says he had no idea of Jo Marney's views when he started going out with her and thinks they aren't‚Ä¶,-0.296,0.0,0.081,0.919,2018-01-15 12:28:30,"RT @CBSThisMorning: .@DanSenor says it is ""highly likely"" Mitt Romney will move forward in running for Senate in Utah. https://t.co/GXTVZNn‚Ä¶",0.0,0.0,0.0,1.0,2018-01-15 13:18:31,"Don't be fooled. Wall Street, not Main Street, is the big tax winner. https://t.co/F4j25H7h4l https://t.co/KVeFFNQwwp",0.717,0.315,0.0,0.685,2018-01-15 15:09:24,Frederica Wilson won't attend Trump's State of the Union: 'It would be an embarrassment to be seen with him' https://t.co/MCm7CLbXJ6,-0.4404,0.0,0.132,0.868,2018-01-15 11:26:46,Contributing Op-Ed Writer: Happy Flu Year!. https://t.co/BdAvbtr9EU,0.3382,0.344,0.224,0.431
50,2018-01-15 08:03:34,"RT @BBCSport: Terribly sad news as Cyrille Regis has passed away, aged 59. Rest in peace. https://t.co/m9wJ4T1G7s",-0.4939,0.145,0.277,0.579,2018-01-15 12:22:31,"WATCH: Magma seeps out of the Philippine's most active volcano, which volcanologist warn may erupt ""within weeks or‚Ä¶ https://t.co/jvK4K35v7k",0.3804,0.14,0.065,0.795,2018-01-15 13:14:07,"RT @NewDay: Haiti's Ambassador to the US personally invites President Trump to come and visit his country but says ""that doesn't excuse an‚Ä¶",-0.0857,0.0,0.057,0.943,2018-01-15 14:31:19,How John Young smuggled a corned-beef sandwich into space https://t.co/FSy8J4qt0d,-0.3612,0.0,0.238,0.762,2018-01-15 11:11:45,"The New Health Care: Still Not Convinced You Need a Flu Shot? First, It‚Äôs Not All About You. https://t.co/GKh8yO7ke1",0.5106,0.251,0.111,0.638
51,2018-01-15 07:56:12,"Follow the day's latest business news &amp; #Carillion developments

#BBCBizLive via @BBCBusiness‚Ä¶ https://t.co/GTHtXZn59d",0.0,0.0,0.0,1.0,2018-01-15 12:20:12,Investigators say a sudden engine surge caused a passenger plane to skid off the edge off a cliff in Turkey. The pl‚Ä¶ https://t.co/b6wiRzoOL1,0.0,0.0,0.0,1.0,2018-01-15 13:05:45,"Former Secretary of State Condoleezza Rice says ""nobody should try to impede"" special counselor Robert Mueller's in‚Ä¶ https://t.co/SsH3yFzE9W",0.4019,0.137,0.0,0.863,2018-01-15 14:25:41,"Aziz Ansari responds to accusation of sexual assault, says sex was consensual https://t.co/FOzVQ3XuiD",-0.7003,0.0,0.345,0.655,2018-01-15 11:10:45,Personal Health: Understanding Grief. https://t.co/wh0zSOjH2h,-0.4939,0.0,0.444,0.556
52,2018-01-15 07:53:25,Poppi Worthington inquest: Coroner to deliver finding https://t.co/T02pEQhdMu,0.0,0.0,0.0,1.0,2018-01-15 12:18:46,A Florida shuttle boat captain is credited with saving the lives of 49 people when a massive fire broke out on boar‚Ä¶ https://t.co/TnEnPDgvE1,-0.4019,0.097,0.202,0.7,2018-01-15 12:55:07,"President Trump: ""I am not a racist."" https://t.co/IYxYaFwp9w https://t.co/HAOeVKx4sm",0.0,0.0,0.0,1.0,2018-01-15 14:08:55,"Trump quotes himself, says Democrats 'don't want' a DACA deal - via @brookefoxnews
https://t.co/R6e4DyCsH2",-0.0572,0.0,0.1,0.9,2018-01-15 10:41:45,Chasing the Deal: Five Luxurious Winter Getaways that Offer More than Downhill Skiing. https://t.co/uCaE7r3wC0,0.0,0.0,0.0,1.0
53,2018-01-15 07:48:44,RT @DannyShawBBC: Carillion halfway through 5-yr ¬£200m contract to do maintenance/repairs in 50 jails. Expect the work to go in-house  http‚Ä¶,0.0,0.0,0.0,1.0,2018-01-15 12:17:28,"The White House and @POTUS have yet to comment on the deadly Southern California mudslides, nearly a week after the‚Ä¶ https://t.co/vntRd8cIOb",0.0,0.0,0.0,1.0,2018-01-15 12:46:58,This is how people in Hawaii reacted to the missile scare https://t.co/AYrCgaY6JI https://t.co/7IHCf5aYwC,-0.4939,0.0,0.211,0.789,2018-01-15 13:51:41,'She's a Traitor' to the US: @dbongino Sounds Off on Chelsea Manning's Senate Run https://t.co/GuzyJ0sInR,0.0,0.0,0.0,1.0,2018-01-15 10:14:45,"Sidebar: A Case for Math, Not ‚ÄòGobbledygook,‚Äô in Judging Partisan Voting Maps. https://t.co/1AFVVjyV27",0.0,0.0,0.0,1.0
54,2018-01-15 07:46:51,Developing countries warned UK could cut foreign aid https://t.co/vJzyHl13DB,-0.4939,0.0,0.375,0.625,2018-01-15 12:16:33,"‚ÄúIf you‚Äôre the president, how do you negotiate with someone who has called you racist, vile and hateful?‚Äù @dansenor‚Ä¶ https://t.co/txj31KCaLJ",-0.8442,0.0,0.31,0.69,2018-01-15 12:35:04,Republican Sen. Jeff Flake is expected to deliver a floor speech comparing President Trump's attacks on media to th‚Ä¶ https://t.co/437MZer4Fd,-0.4404,0.0,0.139,0.861,2018-01-15 13:43:54,".@RandPaul: ""We can have disagreements based on policy but once we make it attacking the person and calling a perso‚Ä¶ https://t.co/rR2VHxAUSX",-0.7096,0.0,0.247,0.753,2018-01-15 10:10:45,Fiction: Bridging the Racial Divide in a Middle School Friendship. https://t.co/wVhkaI4Aq1,0.4404,0.244,0.0,0.756
55,2018-01-15 07:43:59,"RT @BBCBenThompson: Given the scale of Carillion's activities and number of staff it employs, should the government step in to rescue the f‚Ä¶",0.5574,0.18,0.0,0.82,2018-01-15 12:11:18,"Republican strategist @dansenor, former senior adviser to Mitt Romney and Paul Ryan in the 2012 presidential campai‚Ä¶ https://t.co/szar9z4PzG",0.0,0.0,0.0,1.0,2018-01-15 12:25:04,Hawaii's missile false alarm has raised fears that preparations in case of a North Korea attack are scaring its cit‚Ä¶ https://t.co/FfYTrf0lV8,-0.8807,0.0,0.412,0.588,2018-01-15 13:39:37,".@RandPaul: ""I went to Haiti a few years ago, I went on a medical mission trip... I asked for donations before I we‚Ä¶ https://t.co/6FKZp97drf",0.0,0.0,0.0,1.0,2018-01-15 09:58:45,Watches: Watch Brands Confront a Risky Business: The Secondhand Market. https://t.co/a7xZqIrFsu,-0.3612,0.0,0.304,0.696
56,2018-01-15 07:37:49,M3 closure as crash lorry sheds paper and diesel https://t.co/JB7E4LePi3,-0.4019,0.0,0.231,0.769,2018-01-15 12:08:48,"The immigration debate is stalled after Pres.Trump's reported use of a vulgarity to describe Haiti, El Salvador and‚Ä¶ https://t.co/Dl6XDu5OLS",-0.2023,0.0,0.096,0.904,2018-01-15 12:15:09,"President Trump's first wife, Ivana, says he ""sometimes says things that are silly"" but is ""definitely not racist""‚Ä¶ https://t.co/35ystsD9Ij",0.5574,0.213,0.0,0.787,2018-01-15 13:28:39,"JUST IN: 1 dead, 14 others injured after casino shuttle boat catches fire off Florida‚Äôs Gulf Coast, hospital spokes‚Ä¶ https://t.co/wlCJ8aFBgf",-0.8555,0.0,0.37,0.63,2018-01-15 09:57:45,Putting Apple Watch Experience to Work at Ulysse Nardin. https://t.co/JIRkBWuxVs,0.0,0.0,0.0,1.0
57,2018-01-15 07:35:04,RT @bbcweather: Good morning from the BBC Weather Centre. Rain and strong winds this morning should clear the south and east leaving us all‚Ä¶,0.8316,0.295,0.0,0.705,2018-01-15 12:05:44,Hawaii officials face widespread criticism over a false alarm that warned the public of an approaching missile atta‚Ä¶ https://t.co/UmyWrFDyVE,-0.7506,0.0,0.33,0.67,2018-01-15 12:06:00,"President Trump and his extended nuclear family's first year in Washington saw new homes, new roles, new books and‚Ä¶ https://t.co/g6YgyhzOrh",0.0,0.0,0.0,1.0,2018-01-15 13:23:07,".@TheBrodyFile: ""[@realDonaldTrump] may be politically incorrect, but to call him a racist is a bit ridiculous."" https://t.co/KmXmGAPHLy",-0.7579,0.0,0.282,0.718,2018-01-15 09:56:45,The Watch Capital of France? Besan√ßon. https://t.co/sveltyHYe3,0.0,0.0,0.0,1.0
58,2018-01-15 07:33:01,"RT @bbc5live: Why should you care about Carillion? 

As the company's creditors meet the government today to try to stop it collapsing -
he‚Ä¶",-0.0516,0.116,0.159,0.725,2018-01-15 12:02:01,U.K. Politician dumps girlfriend over racist text about Meghan Markle https://t.co/FhQyTZehR2 https://t.co/xbfFBnWUPV,-0.7717,0.0,0.401,0.599,2018-01-15 11:55:08,Computers are getting better than humans at reading https://t.co/BlC6cwdok9 https://t.co/CSbLWF5l0j,0.4404,0.244,0.0,0.756,2018-01-15 13:02:20,"Today, we honor and remember Dr. Martin Luther King, Jr. https://t.co/PpMGpJ3CAM",0.4939,0.242,0.0,0.758,2018-01-15 08:40:45,Double Suicide Bombing in Baghdad Kills at Least 38 People. https://t.co/yjYUWtYaI0,-0.8402,0.0,0.471,0.529
59,2018-01-15 07:30:37,"RT @BBCSport: Ryan Giggs is set to be named the new manager of Wales.

Full story: https://t.co/kw0wRIctus https://t.co/wLQM0uWN4d",0.0,0.0,0.0,1.0,2018-01-15 11:59:24,"RT @CBSThisMorning: ""I have a dream that my four little children will one day live in a nation where they will not be judged by the colour‚Ä¶",0.25,0.077,0.0,0.923,2018-01-15 11:44:57,"At least 26 people have been killed in a double suicide bombing in central Baghdad, according to the Ministry of He‚Ä¶ https://t.co/6e7KKkuKKO",-0.875,0.0,0.321,0.679,2018-01-15 13:02:00,House lawmakers demand answers from Apple on throttling older phones https://t.co/4GiCKidPx3 #FNTech (via @christocarbone),-0.128,0.0,0.103,0.897,2018-01-15 08:25:45,"The Guardian, Britain‚Äôs Left-Wing News Power, Goes Tabloid. https://t.co/35DHDLANHk",0.0,0.0,0.0,1.0
60,2018-01-15 07:02:40,Carillion to go into liquidation https://t.co/iv2ImwQJko,0.0,0.0,0.0,1.0,2018-01-15 11:52:00,Several hotels are changing their privacy policies in response to last year's deadly Las Vegas shooting. Ahead on‚Ä¶ https://t.co/V29ubhbsyo,0.0,0.0,0.0,1.0,2018-01-15 11:33:31,"- He's an environmental hero

- He was a socialist before it was cool

- He never let a political disagreement turn‚Ä¶ https://t.co/tHhlLgJsSk",0.7912,0.348,0.0,0.652,2018-01-15 12:53:50,".@Varneyco: ""The market looks primed to hit 26,000 this week... that would be the 8th 1,000 point milestone that th‚Ä¶ https://t.co/m1c45ztWGi",0.0,0.0,0.0,1.0,2018-01-15 07:54:44,Indonesian Stock Exchange Balcony Collapses. https://t.co/0T0s35QT5g,-0.296,0.0,0.306,0.694
61,2018-01-15 06:40:56,UKIP leader splits with partner after texts https://t.co/oPPo68IQrG,0.0,0.0,0.0,1.0,2018-01-15 11:45:01,COMING UP on @CBSThisMorning: The Executive Vice President of @CVSHealth is here with how the stores' beauty ads wi‚Ä¶ https://t.co/SoW89HwdnO,0.5859,0.167,0.0,0.833,2018-01-15 11:24:13,"""They made a mistake."" Donald Trump makes first comments about the false ballistic missile alert sent out by Hawaii‚Ä¶ https://t.co/ER1V5nvUHW",0.296,0.109,0.0,0.891,2018-01-15 12:50:47,".@Varneyco: ""We are on the road to prosperity."" https://t.co/VWjHPwDibB",0.0,0.0,0.0,1.0,2018-01-15 06:23:44,What‚Äôs on TV Monday: ‚ÄòI Am Not Your Negro‚Äô and ‚ÄòDetectorists‚Äô. https://t.co/UICdwzOulC,0.0,0.0,0.0,1.0
62,2018-01-15 06:36:31,RT @BBCBreaking: UKIP leader Henry Bolton says he has ended relationship with girlfriend after she reportedly made racist comments https://‚Ä¶,-0.6124,0.0,0.174,0.826,2018-01-15 11:42:01,Aziz Ansari responds to woman's claim of sexual misconduct https://t.co/7ZeHyY62Jm https://t.co/d39JDpdBlq,0.0,0.0,0.0,1.0,2018-01-15 11:13:41,Vogue publisher drops Bruce Weber and Mario Testino over misconduct allegations https://t.co/ymwBFipg3E,0.0,0.0,0.0,1.0,2018-01-15 12:43:41,Australian Sailor Rescued After Falling From Yacht During Ocean Race https://t.co/kF454hiBg6,0.296,0.209,0.119,0.672,2018-01-15 06:09:45,On Pro Basketball: N.B.A. Power Rankings: Warriors on Top at Midseason. https://t.co/mXNGQkX2JP,0.2023,0.141,0.0,0.859
63,2018-01-15 03:51:45,RT @SallyBundockBBC: Apparently it‚Äôs #bluemonday2018 - ‚Äúthe most depressing day of the year‚Äù. I brought in cup cakes and banana bread for t‚Ä¶,-0.4391,0.0,0.126,0.874,2018-01-15 11:32:01,AHEAD on @CBSThisMorning: @DavidBegnaud goes inside the Hawaii command center where the false missile alert was sen‚Ä¶ https://t.co/BMicBIqLRu,0.296,0.115,0.0,0.885,2018-01-15 11:00:35,All the ways you can make a difference this MLK Day https://t.co/ueHyQmMXBX https://t.co/DqxcQZjwdu,0.0,0.0,0.0,1.0,2018-01-15 12:35:23,".@AlvedaCKing: ""The president should continue doing what he's doing, draining that swamp, making more job opportuni‚Ä¶ https://t.co/f5b7EUXlIO",0.0,0.0,0.0,1.0,2018-01-15 05:40:44,"Australian Open: Within Hours, Three Top Americans Fall. https://t.co/Y32253avzy",0.2023,0.184,0.0,0.816
64,2018-01-15 02:43:06,Scottish Labour MP Hugh Gaffney 'heckled over weight and accent' https://t.co/KAZzRMqxrr,0.0,0.0,0.0,1.0,2018-01-15 11:22:01,A northern Michigan woman has been charged with murder in the death of her second infant in five years‚Ä¶ https://t.co/0X6O1ROsab,-0.886,0.0,0.394,0.606,2018-01-15 10:43:49,"""I am the least racist person you have ever interviewed."" 

US President Donald Trump tells reporters he is ""not a‚Ä¶ https://t.co/I3tPeJjbn6",0.4973,0.139,0.0,0.861,2018-01-15 12:32:12,".@AlvedaCKing: ""I do not believe that President [@realDonaldTrump] is a racist."" https://t.co/nRqkS3gi11",0.0,0.0,0.0,1.0,2018-01-15 05:39:44,A Pass. A Catch. A Missed Tackle. What Went Wrong for the Saints?. https://t.co/bNDgBuPoFb,-0.6486,0.0,0.371,0.629
65,2018-01-15 02:39:45,"Male work patterns see big shift to part-time roles, study says https://t.co/sSYC3KqTvC",0.0,0.0,0.0,1.0,2018-01-15 11:04:32,"Following Saturday's missile alert error, Hawaii's agency in charge of protecting people is now the target of death‚Ä¶ https://t.co/6rfn9VWHto",-0.128,0.1,0.123,0.776,2018-01-15 10:30:11,What President Trump doesn't get about Martin Luther King Jr. https://t.co/ufNG2KlepR (via @CNNopinion) https://t.co/2vZCod6idk,0.0,0.0,0.0,1.0,2018-01-15 12:27:58,".@AjitPaiFCC on the false emergency alert in Hawaii: ""Going forward, what we want to do is make sure that we have a‚Ä¶ https://t.co/W6wRq0sToc",0.296,0.212,0.095,0.693,2018-01-15 05:09:44,"Europe Edition: Mahmoud Abbas, Donald Trump, Tunisia: Your Monday Briefing. https://t.co/2uG4ssactt",0.0,0.0,0.0,1.0
66,2018-01-15 02:39:45,Thousands struggle to access childcare on glitchy website https://t.co/fZtsVNr3Cx,-0.3182,0.0,0.223,0.777,2018-01-15 11:03:06,LAPD investigates sexual assault claim against Steven Seagal https://t.co/uptVlzjwkg https://t.co/B9zaWzMeIN,-0.5859,0.0,0.297,0.703,2018-01-15 10:27:02,Computers are getting better than humans at reading https://t.co/1G3Fgh4dw1,0.4404,0.266,0.0,0.734,2018-01-15 12:22:05,".@AjitPaiFCC on the false emergency alert in Hawaii: ""There was a human error and the state of Hawaii did not have‚Ä¶ https://t.co/10hK8BjRX4",-0.4767,0.086,0.208,0.706,2018-01-15 04:24:44,"Doug Harvey, Hall of Fame Umpire Whom Players Called God, Dies at 87. https://t.co/kvexKQGcAb",0.6124,0.294,0.0,0.706
67,2018-01-15 02:39:45,"Scrap 'tens of thousands' migration target, MPs urge https://t.co/J1keGDzMDr",0.0,0.0,0.0,1.0,2018-01-15 10:48:05,Crews rescue passengers after casino boat catches fire in Florida https://t.co/bNQqQj7PzH https://t.co/jCEXWykWSF,0.2263,0.21,0.153,0.637,2018-01-15 10:14:04,South Africa's foreign ministry says it will issue a diplomatic protest to the United States  over President Trump'‚Ä¶ https://t.co/oQ5PiHfrTG,0.2023,0.135,0.096,0.769,2018-01-15 12:12:19,Pelosi slams company bonuses as 'crumbs' despite once praising $40 tax cut https://t.co/d4r4KMD9Ac,-0.09,0.194,0.267,0.539,2018-01-15 04:23:44,Editorial: Some Bright Hopes for New York‚Äôs Schools. https://t.co/2fugErpZdh,0.6908,0.449,0.0,0.551
68,2018-01-15 02:35:58,Women urged to share sexual harassment experiences https://t.co/R16IDyeNoi,-0.3182,0.188,0.299,0.513,2018-01-15 10:33:05,Mark Wahlberg says he'll donate $1.5 million to Time's Up after outcry https://t.co/10MdC5I21T https://t.co/uFrXm2gpip,-0.5106,0.0,0.202,0.798,2018-01-15 10:05:53,Venus Williams knocked out in the first round of the Australian Open https://t.co/A80wiKSC7m,0.0,0.0,0.0,1.0,2018-01-15 12:02:05,".@dbongino: ""[Chelsea Manning] is a traitor to the United States."" https://t.co/IgAuD8Z1bV",0.4215,0.237,0.0,0.763,2018-01-15 03:39:44,Review: A Fantasy Town Builds a Wall Against Time in ‚ÄòBallyturk‚Äô. https://t.co/RgBTZBNcYG,0.0,0.0,0.0,1.0
69,2018-01-15 02:35:58,Carillion crisis: Creditors due to hold Whitehall talks https://t.co/5KJ6J3s0e0,-0.6249,0.0,0.339,0.661,2018-01-15 10:18:08,"Married couple killed as Amtrak train hits SUV in N.C., authorities say https://t.co/YpHQy7ppYX https://t.co/O9H4EtWatI",-0.6705,0.0,0.257,0.743,2018-01-15 10:00:17,"Democratic Rep. John Lewis calls President Trump ""racist"" and says he won't vote on government funding without DACA‚Ä¶ https://t.co/07i4u1pX6d",0.0,0.0,0.0,1.0,2018-01-15 11:36:55,"Jeremy Hunt: ""We don't know if [Martin Luther King Jr.] would be kneeling today but we do know that when he knelt,‚Ä¶ https://t.co/TxzZLbw3yP",0.0,0.0,0.0,1.0,2018-01-15 02:42:43,"‚ÄòI‚Äôm Not a Racist,‚Äô Trump Says in Denying Vulgar Comment. https://t.co/uRbEezGOXx",-0.34,0.0,0.211,0.789
70,2018-01-14 21:58:19,Man wanted over crossbow murder found dead https://t.co/syojmVkZQp,-0.875,0.0,0.6,0.4,2018-01-15 10:03:04,Chelsea Manning files to run for Senate in Maryland https://t.co/XfNh0PH8PF https://t.co/J1VR6QN0Ls,0.0,0.0,0.0,1.0,2018-01-15 09:46:51,"A member of Qatar's royal family has said he is being held against his will in the United Arab Emirates, a claim di‚Ä¶ https://t.co/FUT45YlZIA",0.4215,0.118,0.0,0.882,2018-01-15 11:31:14,"RT @EricShawnTV: Good Morning! Listen to my podcast on the @FoxNews Rundown. The #Hawaii false alarm helped #KimJongUN, says #MIT's Jim Wal‚Ä¶",0.2003,0.125,0.094,0.781,2018-01-15 02:25:44,Op-Ed Columnist: Trump Is a Racist. Period.. https://t.co/Xoc5Y310S8,-0.6124,0.0,0.4,0.6
71,2018-01-14 21:46:04,Cassie Hayes: Man charged with travel agent murder https://t.co/ebcq9sAs46,-0.7579,0.0,0.481,0.519,2018-01-15 09:48:05,"Jaguars edge out Steelers 45-42, will meet Patriots for AFC title game https://t.co/9b5YNPxdea https://t.co/oCgwwwHu3p",0.0,0.0,0.0,1.0,2018-01-15 09:40:18,"Passengers swim to safety after fire on casino shuttle boat north of Tampa, Florida https://t.co/Au69qjkovw https://t.co/Qj29qh0VGL",0.1027,0.146,0.125,0.729,2018-01-15 11:30:19,".@AlvedaCKing: ""Serve each other, love each other, help each other. That's a lesson I learned from my uncle [Martin‚Ä¶ https://t.co/386609w6GC",0.7845,0.301,0.0,0.699,2018-01-15 02:24:43,Editorial Notebook: Dutch Reporters Show How to Keep American Officials Honest. https://t.co/9uKu16E131,0.5106,0.231,0.0,0.769
72,2018-01-14 17:54:29,"RT @BBCSport: FT Liverpool 4-3 Man City 

It was a nervy finish, but after 23 games Man City's unbeaten run finally comes to an end.

React‚Ä¶",0.0,0.0,0.0,1.0,2018-01-15 09:33:04,Hawaii missile alert: FCC launches investigation into false ballistic missile warning https://t.co/V9E66qOeD2 https://t.co/L1r3YiDfcz,-0.0516,0.141,0.154,0.705,2018-01-15 09:31:14,"""[President Trump has] to understand this is a grown-up job, and he's got to start acting like it."" Former Virginia‚Ä¶ https://t.co/CxwD7HZpcQ",0.3612,0.116,0.0,0.884,2018-01-15 11:30:01,".@ConanOBrien jabs @realDonaldTrump, announces he's taking his show to Haiti https://t.co/DoRrZmL9vW",0.0,0.0,0.0,1.0,2018-01-15 02:11:43,"Individual Mandate Now Gone, G.O.P. Targets the One for Employers. https://t.co/Lnfxh5Vx9V",0.0,0.0,0.0,1.0
73,2018-01-14 17:53:04,Pressure on UKIP leader over girlfriend's Meghan Markle's texts https://t.co/csT0c5wMyL,-0.296,0.0,0.196,0.804,2018-01-15 09:18:11,The American scientist who's seen North Korea's nuclear secrets https://t.co/by5G6yOmG3 https://t.co/u1GiXfIsTd,0.0,0.0,0.0,1.0,2018-01-15 09:23:37,Here's a 2018 guide to Macau's best casinos https://t.co/C6dH64pmQJ via @CNNTravel https://t.co/fxoSefKnZ4,0.6369,0.296,0.0,0.704,2018-01-15 11:27:53,".@AlvedaCKing: ""I consider President Trump to be a leader."" https://t.co/WnVRvvVsAt",0.0,0.0,0.0,1.0,2018-01-15 02:08:43,Vikings Shock Saints on Last-Second Touchdown by Stefon Diggs. https://t.co/lKrXdcnzka,-0.3818,0.0,0.224,0.776
74,2018-01-14 17:49:38,Shane Gilmer identified as man killed in Southburn crossbow attack https://t.co/ILEnBrk6ju,-0.8225,0.0,0.458,0.542,2018-01-15 09:03:05,Sharon Stone's second chance https://t.co/mlQ8RMpIgw https://t.co/3BbBOIfFbl,0.25,0.286,0.0,0.714,2018-01-15 09:13:31,Oil tanker burning in the East China Sea sinks https://t.co/FilCAblhN8 https://t.co/7nRCpS7y1D,0.0,0.0,0.0,1.0,2018-01-15 11:26:35,"OPINION: Please stop politicizing Martin Luther King Day. It's a day for national unity, not political division https://t.co/MiE83UYlG0",0.0258,0.118,0.113,0.769,2018-01-15 01:39:43,"As Homeless Take Refuge in Subway, More Officers Are Sent to Help. https://t.co/oFM9Af2rK5",0.4019,0.184,0.0,0.816
75,2018-01-14 16:25:17,Redditch parents mourn third child's heart death https://t.co/yfxVm8jvnB,-0.7717,0.0,0.528,0.472,2018-01-15 08:48:04,Drawing the lines on gerrymandering https://t.co/GpPBSumc3Q https://t.co/IywMIM818L,0.0,0.0,0.0,1.0,2018-01-15 09:06:50,Pope Francis faces tensions on South America trip https://t.co/LTLij0wuJ5 https://t.co/Pb646BHxMi,-0.4019,0.0,0.231,0.769,2018-01-15 11:07:12,".@charliekirk11: ""The Democrat party right now is in total shambles, especially financially."" https://t.co/nhZINxxJF6",0.4019,0.184,0.0,0.816,2018-01-15 01:38:43,Man and Teenage Daughter Die in Another Fire in the Bronx. https://t.co/NanWSR814J,-0.743,0.0,0.387,0.613
76,2018-01-14 16:25:17,Falklands War 'true hero' Captain Rick Jolly dies https://t.co/58k3dEG6Pm,0.7003,0.522,0.21,0.269,2018-01-15 08:33:06,"Man files complaint, alleging ex-Gov. Eliot Spitzer threatened him https://t.co/9Gld5sVNuu https://t.co/5govaAz9IH",-0.6369,0.0,0.366,0.634,2018-01-15 09:00:32,"Republican Sen. David Perdue says President Trump didn't use the phrase ""shithole countries"" during a meeting with‚Ä¶ https://t.co/iaG84v0Qf1",0.0,0.0,0.0,1.0,2018-01-15 11:01:09,".@CarlHigbie: ""President Trump, to me, completely understands the threat from North Korea. He understands the milit‚Ä¶ https://t.co/wxfqvTZpvg",-0.5667,0.0,0.186,0.814,2018-01-15 01:23:44,"As Homeless Take Refuge in Subway, More Officers Are Sent to Help. https://t.co/QPdrfflMQJ",0.4019,0.184,0.0,0.816
77,2018-01-14 16:25:17,Londoners hit out at 'mistimed' bus safety alerts https://t.co/kWHjCE5mNW,0.4215,0.259,0.0,0.741,2018-01-15 08:18:07,"Oprah Winfrey on ""Time's Up"": Where do we go from here? https://t.co/r53NgRI6wE https://t.co/VK3SPY8bpH",0.0,0.0,0.0,1.0,2018-01-15 08:46:27,Tunisia plans social reforms in the wake of protests https://t.co/iJtlI3Bdzr https://t.co/GIZ48O7JaB,-0.2263,0.0,0.16,0.84,2018-01-15 11:00:01,Must-See Mornings: The conversation starts with Fox &amp; Friends followed by America's Newsroom ONLY on Fox News Chann‚Ä¶ https://t.co/9MXL3eePbO,0.4767,0.147,0.0,0.853,2018-01-15 01:08:43,Abbas Calls Oslo Accords Dead and Blasts U.S.: ‚ÄòDamn Your Money!‚Äô. https://t.co/nCY7Uqg8s0,-0.68,0.0,0.295,0.705
78,2018-01-14 15:17:43,Puppy in Simon Cowell reward offer turns up safe in Kent https://t.co/cT1XFNh4BL,0.765,0.398,0.0,0.602,2018-01-15 08:03:05,The show-off state https://t.co/mF4JYFdPsY https://t.co/pWg2a8FDac,0.0,0.0,0.0,1.0,2018-01-15 08:39:41,"A growing movement is targeting single-use plastic straws, which are not recyclable and often end up littering the‚Ä¶ https://t.co/E0wLG1IENV",0.1779,0.091,0.0,0.909,2018-01-15 10:55:46,RPT: Trump Planning to Cut U.N. Funding https://t.co/nG8OqngOjY,-0.2732,0.0,0.231,0.769,2018-01-15 01:07:43,On Campus: It‚Äôs Hard To Study If You‚Äôre Hungry. https://t.co/lV8YUUHQ7j,-0.1027,0.0,0.135,0.865
79,2018-01-14 14:36:45,RT @BBCBreaking: A 7.1 magnitude quake off the south-west coast of Peru kills two people https://t.co/oLae31f3Qh,-0.5423,0.0,0.2,0.8,2018-01-15 07:48:05,"Sen. Joe Manchin: No senator would make up ""atrocious"" remark attributed to Trump https://t.co/aBFxX3lYGh https://t.co/AzHm7fn82D",-0.296,0.0,0.136,0.864,2018-01-15 08:31:08,"Democratic Rep. Tulsi Gabbard says the false ballistic missile warning in Hawaii was ""unacceptable""‚Ä¶ https://t.co/W10TPnY2NL",-0.34,0.0,0.146,0.854,2018-01-15 10:55:00,"Drugged driver crashes car into second story of California building, officials say https://t.co/wUmpA3CPHT",0.0,0.0,0.0,1.0,2018-01-15 00:12:43,Military Quietly Prepares for a Last Resort: War With North Korea. https://t.co/Jy8z65LOo0,-0.5994,0.0,0.281,0.719
80,2018-01-14 13:00:52,Cassie Hayes death: Tribute to Tui Southport travel agent https://t.co/pkc5DatgHK,-0.5994,0.0,0.302,0.698,2018-01-15 07:42:12,New details in police chase of Greyhound bus with 40 people on board https://t.co/46tddmE7ox https://t.co/ck0xxnAzwX,0.0,0.0,0.0,1.0,2018-01-15 08:21:49,This is how people in Hawaii reacted to the missile scare https://t.co/lOjFpk6tkx https://t.co/VjIUKEf30M,-0.4939,0.0,0.211,0.789,2018-01-15 10:47:55,"Mark Serrano: ""The president's success on the border so far is unprecedented."" https://t.co/dlNAF1ZH4p",0.5719,0.236,0.0,0.764,2018-01-15 00:11:43,"Graydon Carter, Ex-Editor of Vanity Fair, Invests in an App. https://t.co/iraRn4CS7G",0.1027,0.174,0.144,0.682
81,2018-01-14 12:20:00,Australia v England: Jason Roy hits record 180 in five-wicket victory https://t.co/w6Ub0UZNuK,0.0,0.0,0.0,1.0,2018-01-15 07:32:05,"Jakarta Stock Exchange mezzanine collapse causes chaos, injures dozens https://t.co/p13XPSGPrS https://t.co/HA5jBSafcI",-0.7845,0.0,0.434,0.566,2018-01-15 08:09:43,"""They made a mistake."" Donald Trump makes first comments about the false ballistic missile alert sent out by Hawaii‚Ä¶ https://t.co/phMNMi90rj",0.296,0.109,0.0,0.891,2018-01-15 10:42:56,".@AreuCathy: ""Democrats definitely want DACA... because it's morally correct."" https://t.co/ddNurYnrh6",0.4588,0.333,0.0,0.667,2018-01-14 23:53:44,How a Team of New York City Inspectors Helped Puerto Rico After Maria. https://t.co/FFBw8P0udx,0.0,0.0,0.0,1.0
82,2018-01-14 12:20:00,Anthony Joshua v Joseph Parker fight announced for Cardiff in March https://t.co/AdLJUELzZS,-0.3818,0.0,0.206,0.794,2018-01-15 07:18:09,"Sen. Tom Cotton says Trump's words, sentiments on immigration were misrepresented https://t.co/b47Rfh3Wd5 https://t.co/9m7JomAnUx",0.0,0.0,0.0,1.0,2018-01-15 08:00:22,"Don't be fooled. Wall Street, not Main Street, is the big tax winner. https://t.co/d6ReBsmubr https://t.co/3RPMqQA1Ky",0.717,0.315,0.0,0.685,2018-01-15 10:39:02,".@sendavidperdue: ""If this were any other president getting the results that we're getting right now in the economy‚Ä¶ https://t.co/FXEZHiQzhv",0.0,0.0,0.0,1.0,2018-01-14 23:52:43,"Metropolitan Diary: Ciao Trader Vic‚Äôs, Hello Trader Joe‚Äôs. https://t.co/t7Ac6YdLcu",0.0,0.0,0.0,1.0
83,2018-01-14 11:58:36,"RT @BBCSport: Jason Roy hit a record-breaking 180 to help England cruise to victory in the first ODI v Australia. 

Here's the report üëâ htt‚Ä¶",0.4019,0.114,0.0,0.886,2018-01-15 07:03:08,2 children among the dead in triple homicide in Nashville https://t.co/shk17wnLaQ https://t.co/QAJB0L6SY3,-0.6486,0.0,0.301,0.699,2018-01-15 07:54:08,"At least 26 people were killed in Baghdad on Monday morning in a double suicide bombing, Ministry of Health spokesm‚Ä¶ https://t.co/wns3OwFcPX",-0.875,0.0,0.333,0.667,2018-01-15 10:38:03,"Eli Crane, former Navy SEAL: ""Personally I think that [Chelsea Manning] is a total traitor, I think she's a total e‚Ä¶ https://t.co/jJWff9tKmw",0.0,0.0,0.0,1.0,2018-01-14 23:51:43,Liberia President‚Äôs Ouster by Party May Raise Questions Over Her Legacy. https://t.co/tXDFSjZ7tZ,0.4019,0.197,0.0,0.803
84,2018-01-14 11:48:36,"One in 10 renters have fire risk concerns, poll finds https://t.co/ZyjujE64P6",-0.5423,0.0,0.333,0.667,2018-01-15 06:54:05,Double suicide bombing in Baghdad takes deadly toll https://t.co/O6VAc4XeXn https://t.co/aw9kbdcKxY,-0.6705,0.0,0.333,0.667,2018-01-15 07:50:17,Vogue publisher drops Bruce Weber and Mario Testino over misconduct allegations https://t.co/ZvkjvGOviK,0.0,0.0,0.0,1.0,2018-01-15 10:29:08,"Lt. Gen. Richard Newton: ""The American people should be confident that at the Cabinet level but also these extraord‚Ä¶ https://t.co/Sc9p8e74cD",0.2732,0.1,0.0,0.9,2018-01-14 23:22:43,Tunisia‚Äôs Government Pledges Improvements After Protests. https://t.co/ct4QHJaZM9,0.1027,0.25,0.207,0.543
85,2018-01-14 11:10:25,Mario Testino and Bruce Weber accused of sexual exploitation https://t.co/zqahqbqp6H,-0.296,0.0,0.196,0.804,2018-01-15 06:48:05,"Speeding car goes airborne, crashes into second floor of California building https://t.co/KTVmW1PARt https://t.co/1nRqtgbw53",0.0,0.0,0.0,1.0,2018-01-15 07:46:25,US President Donald Trump defended himself on Sunday night after several days of controversy over his remarks about‚Ä¶ https://t.co/rj9hKd5LhD,0.0,0.0,0.0,1.0,2018-01-15 10:15:00,Hawaii's false missile threat: Worker who pushed wrong button to be reassigned https://t.co/o7Osc1Y8M0,-0.7579,0.0,0.371,0.629,2018-01-14 23:09:42,"In Iran, Protester ‚ÄòSuicides‚Äô Stir Anger and Calls for Accountability. https://t.co/HjeQg746x8",-0.5719,0.0,0.27,0.73
86,2018-01-14 11:10:25,Teenager stabbed to death at Walsall house party https://t.co/PwUbDJViRe,-0.6249,0.174,0.439,0.387,2018-01-15 06:33:07,"Faith Salie on when POTUS uses ""$#!?hole"" language https://t.co/3QBUHSoHXm https://t.co/VblxRHE0a0",0.4753,0.256,0.0,0.744,2018-01-15 07:40:07,"""I am the least racist person you have ever interviewed."" 

US President Donald Trump tells reporters he is ""not a‚Ä¶ https://t.co/nbVABBrjnQ",0.4973,0.139,0.0,0.861,2018-01-15 10:00:02,".@Varneyco: ""President Trump is not getting the credit that he deserves."" https://t.co/XcIebyDXqL",-0.2924,0.0,0.166,0.834,2018-01-14 23:08:43,"Jaguars 45, Steelers 42 | Divisional round: Jaguars Stun Steelers to Reach A.F.C. Championship Game. https://t.co/TBXe60l53v",0.4588,0.235,0.0,0.765
87,2018-01-14 11:10:25,Glasgow bin lorry family's ¬£800k compensation deal https://t.co/cNgQEz3WO1,0.0,0.0,0.0,1.0,2018-01-15 06:18:06,"Nation Tracker: Americans weigh in on Trump immigration remarks, first year in office https://t.co/ZTHjPnue5C https://t.co/yrPtXD9qEP",0.0,0.0,0.0,1.0,2018-01-15 07:30:36,"Bill Murray debuts his Steve Bannon on ""SNL"" https://t.co/JEtXv4Rf4P https://t.co/jRO4ZulrnD",0.0,0.0,0.0,1.0,2018-01-15 09:53:11,Minnesota Vikings shock New Orleans Saints with final-play TD https://t.co/U774gNofoY https://t.co/t53XQPDCCR,-0.3818,0.0,0.206,0.794,2018-01-14 23:07:43,"Ciao Trader Vic‚Äôs, Hello Trader Joe‚Äôs. https://t.co/uN4XiBDCtf",0.0,0.0,0.0,1.0
88,2018-01-14 10:46:17,Madeleine McCann private detective Kevin Halligen dies https://t.co/ctbTlWikct,0.0,0.0,0.0,1.0,2018-01-15 06:03:05,"For chef Fabio Trabocchi, cooking is a family affair https://t.co/zlQCAs8bkc https://t.co/bdCmuji9JI",0.0,0.0,0.0,1.0,2018-01-15 07:22:42,NBA Hall of Famer Dennis Rodman has been charged with DUI in California https://t.co/LT2zoPToK1 https://t.co/3BPJa0l4IB,-0.2023,0.0,0.114,0.886,2018-01-15 09:45:06,"On @foxandfriends, @Varneyco praised President @realDonaldTrump's economic record in comparison to his predecessor'‚Ä¶ https://t.co/pBVcFUKhQG",0.4939,0.198,0.0,0.802,2018-01-14 22:52:42,It‚Äôs Elementary: Sherlockians Take Manhattan. https://t.co/Gydf3viCeT,0.0,0.0,0.0,1.0
89,2018-01-14 10:35:25,RT @bbcnickrobinson: Labour leaves door open to second EU Referemdum as  @jeremycorbyn &amp; @EmilyThornberry state that not calling for one now,0.0,0.0,0.0,1.0,2018-01-15 05:48:05,"Married couple killed as Amtrak train hits SUV in N.C., authorities say https://t.co/FPMz3jUYLb https://t.co/RCOkQq9Kp6",-0.6705,0.0,0.257,0.743,2018-01-15 07:12:37,Republican Sen. Jeff Flake expected to deliver floor speech comparing Donald Trump's attacks on media to the rhetor‚Ä¶ https://t.co/R0pz5Q8ghW,-0.4404,0.0,0.139,0.861,2018-01-15 09:44:03,".@DennisPrager: ""Folks on the left are trying to do on the Internet at @Google‚Äã-@YouTube... what the left is doing‚Ä¶ https://t.co/rsDqp2PvSh",0.0,0.0,0.0,1.0,2018-01-14 22:22:42,Response to French Letter Denouncing #MeToo Shows a Sharp Divide. https://t.co/jqJMEXP0t0,0.0,0.0,0.0,1.0
90,2018-01-14 10:07:55,"Independence for Scotland is not a ""constitutional abstraction"", it's about the living standards, economy &amp; society‚Ä¶ https://t.co/dMwMoOYbP7",0.0,0.0,0.0,1.0,2018-01-15 05:36:38,Motorist strikes officer before speeding off in NYC's Times Square https://t.co/M9jFmaWNbh https://t.co/i0a0x7lRcY,-0.3612,0.0,0.185,0.815,2018-01-15 07:00:12,"Former Secretary of State Condoleezza Rice says ""nobody should try to impede"" special counselor Robert Mueller's in‚Ä¶ https://t.co/3sDiUPKxIt",0.4019,0.137,0.0,0.863,2018-01-15 09:40:06,".@JudgeJeanine Blasts De Niro, Sean Penn: Anti-Trump 'Hatred Like This Puts Us in Danger' https://t.co/fbDCZMVLT9 https://t.co/ucJXixeG42",-0.7269,0.108,0.329,0.563,2018-01-14 22:21:42,"In Czech Election, a Choice Between Leaning East or West. https://t.co/6UImEgaPk4",0.0,0.0,0.0,1.0
91,2018-01-14 09:59:20,"RT @MarrShow: ""Do you accept Scotland is going to leave the EU?"" asks @AndrewMarr9 

""I still hope there‚Äôs an alternative to that... I thin‚Ä¶",0.6486,0.206,0.045,0.749,2018-01-15 05:28:06,Woman in Michigan faces charges in death of 2nd infant https://t.co/M50AmEf0Jc https://t.co/EwIwEjoQOV,-0.7184,0.0,0.375,0.625,2018-01-15 06:57:15,"The Philippines' most active volcano has shown signs of imminent eruption, forcing thousands of people on the main‚Ä¶ https://t.co/AkBfgCh7IP",0.4576,0.143,0.0,0.857,2018-01-15 09:38:14,"Judge's DACA ruling seen by some legal scholars as problematic, report says https://t.co/VgBlcJvUUc",-0.34,0.097,0.188,0.714,2018-01-14 20:40:42,He Studied Accounting. Now He Hunts the Taliban.. https://t.co/EmvCAf82fM,0.0,0.0,0.0,1.0
92,2018-01-14 09:53:08,"Staying in the single market &amp; the customs union would be ""least damaging"" post-Brexit option, says Scotland's Firs‚Ä¶ https://t.co/2bv3hlSPs3",0.4023,0.131,0.0,0.869,2018-01-15 05:18:08,"Transcript: Sen. Tom Cotton on ""Face the Nation,"" Jan. 14, 2018 https://t.co/Ozz4tUiALF https://t.co/fZLC2zR0ZH",0.0,0.0,0.0,1.0,2018-01-15 06:49:19,"North and South Korea are discussing fielding a joint ice hockey team in next month's Winter Olympics, a potential‚Ä¶ https://t.co/y8lfo8eDCh",0.0,0.0,0.0,1.0,2018-01-15 09:32:01,".@RepDeSantis: ""Did the FBI know that [the dossier] was funded by the Democratic Party and @HillaryClinton?"" https://t.co/vokea5qIqg",0.4019,0.144,0.0,0.856,2018-01-14 20:04:42,‚ÄòJumanji‚Äô Tops Box Office for a Second Week. https://t.co/FUFaqOfc5b,0.5106,0.32,0.0,0.68
93,2018-01-14 09:47:41,Conservative Party chairman Brandon Lewis says the party will suspend any candidates who personally abuse other pol‚Ä¶ https://t.co/kjrryvILfh,-0.2732,0.208,0.251,0.541,2018-01-15 05:03:07,"Vikings stun Saints, 29-24, with 61-yard touchdown on last play https://t.co/5vhZOLQXUl https://t.co/ZjziY4DxkU",0.34,0.179,0.0,0.821,2018-01-15 06:31:26,"It takes 300 people, 12,000 parts and a year to make a single Steinway &amp; Sons piano. Here‚Äôs how the pianos are made‚Ä¶ https://t.co/W7x1hLdx1K",0.0,0.0,0.0,1.0,2018-01-15 09:30:07,"On @foxandfriends, @DiamondandSilk slammed Democratic lawmakers who have alleged that President @realDonaldTrump is‚Ä¶ https://t.co/BHDoBZxyIz",0.0,0.0,0.0,1.0,2018-01-14 19:35:42,"Asia and Australia Edition: Hawaii, North Korea, Iran: Your Monday Briefing. https://t.co/w0YzD5prdt",0.0,0.0,0.0,1.0
94,2018-01-14 09:44:00,"RT @MarrShow: ""The Secretary of State for Justice will do everything he can to make sure this man stays behind bars"" - @BrandonLewis on #Wo‚Ä¶",0.6908,0.206,0.0,0.794,2018-01-15 04:48:04,The American scientist who's seen North Korea's nuclear secrets https://t.co/KXwv4poO3M https://t.co/PqV6O5qcFf,0.0,0.0,0.0,1.0,2018-01-15 06:30:00,Images are circulating on social media showing the extent of the damage caused by the floor collapse at the Jakarta‚Ä¶ https://t.co/2JOvvrPZuO,-0.7506,0.0,0.252,0.748,2018-01-15 09:18:01,"Washington state science teacher, 45, allegedly sent explicit Snapchat messages to teen girl, cops say‚Ä¶ https://t.co/Hsvv8l4YqU",0.0,0.0,0.0,1.0,2018-01-14 18:55:41,Australia Diary: There Are Poets Among Us. https://t.co/NmY1nPIDtq,0.0,0.0,0.0,1.0
95,2018-01-14 09:34:47,Carillion crunch rescue talks to resume https://t.co/cODFo40mV7,0.5106,0.355,0.0,0.645,2018-01-15 04:33:07,"Media outlets around the world struggle to translate Trump's ""sh*thole"" comments https://t.co/nIToi8d89Z https://t.co/xtS37YafCQ",-0.3182,0.0,0.161,0.839,2018-01-15 06:14:23,"JUST IN: One of the floors at the Jakarta stock exchange building has collapsed, according to a spokeswoman‚Ä¶ https://t.co/K4YrnzPQT3",-0.2732,0.0,0.11,0.89,2018-01-15 09:06:03,".@DiamondandSilk: ""It sounds like @BarackObama is living on a planet in La La Land. He's the one who's running arou‚Ä¶ https://t.co/3VPcR8eNkm",0.3612,0.116,0.0,0.884,2018-01-14 18:51:41,"On Soccer: Liverpool Beats Manchester City, Dealing Blow to Its Invincible Aura. https://t.co/KYPQ72yNhW",0.4939,0.211,0.0,0.789
96,2018-01-14 09:33:28,"RT @BBCBreaking: Burning oil tanker sinks more than a week after collision with cargo ship off China, with 32 lives lost, reports say https‚Ä¶",-0.5859,0.0,0.186,0.814,2018-01-15 04:18:12,"Plane skids off runway in Turkey, comes to a rest on cliff https://t.co/11BnbBYs1H https://t.co/ZAWvCE8BCd",0.0,0.0,0.0,1.0,2018-01-15 06:00:12,Iceland made it illegal to pay women less than men https://t.co/sXpcdm3LZ0 https://t.co/TZtIPzSRV8,-0.6124,0.0,0.333,0.667,2018-01-15 08:34:04,".@dbongino: ""Why were we exporting uranium to right now what looks like a company... that is working for the 'evil‚Ä¶ https://t.co/avB32w3Ch2",0.3612,0.116,0.0,0.884,2018-01-14 18:37:41,Detroit Auto Show May Be Celebrating an Era About to End. https://t.co/5Dsxule8UZ,0.5719,0.252,0.0,0.748
97,2018-01-14 09:29:15,"If we ""hack off"" Donald Trump won't it be harder to do a trade deal with the US? Andrew #Marr asks Labour's Emily T‚Ä¶ https://t.co/oIEBUTJ16d",0.0,0.0,0.0,1.0,2018-01-15 04:03:04,Reflections from Afghanistan https://t.co/awlHj6pXwm https://t.co/jr3QQ8iq53,0.0,0.0,0.0,1.0,2018-01-15 05:47:44,High-level officials from North and South Korea are meeting again Monday -- a follow-up to last week's diplomatic b‚Ä¶ https://t.co/eqwHsPRxAS,0.0,0.0,0.0,1.0,2018-01-15 08:26:02,".@sendavidperdue: ""If this were any other president getting the results that we're getting right now in the economy‚Ä¶ https://t.co/5kku2w6cOd",0.0,0.0,0.0,1.0,2018-01-14 18:20:41,Review: Risk-Taking New Opera Tells a Tragic 1950s Gay Love Story. https://t.co/LygbFhECj2,0.296,0.259,0.185,0.556
98,2018-01-14 09:28:04,"RT @MarrShow: Worboys release is a ""threat to women"" - @EmilyThornberry says previous rape cases have not been prosecuted properly #marr ht‚Ä¶",-0.7855,0.08,0.297,0.623,2018-01-15 03:48:06,Drawing the lines on gerrymandering https://t.co/aFi2sNK8Cc https://t.co/b1FU08Yshc,0.0,0.0,0.0,1.0,2018-01-15 05:30:07,"Engineers sue Google, alleging that it discriminates against conservatives, white people and men‚Ä¶ https://t.co/yixAiMEcPo",0.0,0.0,0.0,1.0,2018-01-15 08:18:01,.@AlvedaCKing defended President @realDonaldTrump against those accusing him of being a racist.‚Ä¶ https://t.co/DTL46QXawo,-0.1779,0.0,0.134,0.866,2018-01-14 18:05:41,1 Dead as Earthquake Strikes Peru. https://t.co/kIbQ4vmenF,-0.7783,0.0,0.63,0.37
99,2018-01-14 09:20:17,"Fight Labour online, Tory chairman Brandon Lewis says https://t.co/7aq0ys5WgQ",-0.3818,0.0,0.245,0.755,2018-01-15 03:46:04,Aziz Ansari responds to woman's claim of sexual misconduct https://t.co/oD4RUWfHYo https://t.co/sxv1FNiim1,0.0,0.0,0.0,1.0,2018-01-15 05:28:57,Here is what it was like getting a false missile alert in Hawaii https://t.co/9nf6BXG20n (via @CNNOpinion),0.5719,0.266,0.0,0.734,2018-01-15 08:01:48,Pelosi slams company bonuses as 'crumbs' despite once praising $40 tax cut https://t.co/d4r4KMD9Ac via @LukasMikelionis,-0.09,0.175,0.241,0.584,2018-01-14 17:50:41,"Review: Without Singing, the Moth Hits the High Notes in ‚ÄòThe Echo Drift‚Äô. https://t.co/1TwEEES4qo",0.0,0.0,0.0,1.0
