,BBC_Date,BBC_Tweet Text,BBC_Compound,BBC_Positive,BBC_Neutral,BBC_Negative,CBS_Date,CBS_Tweet Text,CBS_Compound,CBS_Positive,CBS_Neutral,CBS_Negative,CNN_Date,CNN_Tweet Text,CNN_Compound,CNN_Positive,CNN_Neutral,CNN_Negative,FOXTV_Date,FOXTV_Tweet Text,FOXTV_Compound,FOXTV_Positive,FOXTV_Neutral,FOXTV_Negative,nytimes_Date,nytimes_Tweet Text,nytimes_Compound,nytimes_Positive,nytimes_Neutral,nytimes_Negative
0,2018-01-17 19:33:03,"Step inside the world of high-profile divorce cases, where millions of pounds are at stake and London is the battle‚Ä¶ https://t.co/cHY5x6Z2Jb",0.0,0.0,1.0,0.0,2018-01-17 19:54:17,"2018 GRAMMY¬Æ nominee @LadyGaga is never afraid to push boundaries.

Watch her perform live at The 60th Annual‚Ä¶ https://t.co/TqqoTcVs2i",0.0,0.0,1.0,0.0,2018-01-17 21:21:06,"Aziz Ansari's behavior sounds tone-deaf, selfish and boorish. But ""Grace"" has agency, too, writes Lucia Brawley for‚Ä¶ https://t.co/qyVyO7qTKy",-0.4767,0.0,0.846,0.154,2018-01-17 21:04:51,RT @davidduchovny: Don‚Äôt miss @thexfiles TONIGHT on FOX at 8/7c https://t.co/qeB5rioTKF,-0.1531,0.0,0.862,0.138,2018-01-17 21:16:05,Cardiologists not associated with the White House said Trump‚Äôs physical exam revealed serious heart concerns https://t.co/bbKcpLM9h6,-0.0772,0.0,0.92,0.08
1,2018-01-17 19:08:42,"RT @BBCWthrWatchers: Nature's very own snowball! #SnowRoller https://t.co/aZFjuheu8B
Images courtesy of Clanger, South Lanarkshire https://‚Ä¶",0.4199,0.166,0.834,0.0,2018-01-17 19:04:12,#StrangeAngel Casting News: @rupertfriend joins the cast of the upcoming CBS All Access original drama series. Lear‚Ä¶ https://t.co/xOq0SC6ove,0.3182,0.119,0.881,0.0,2018-01-17 21:12:47,"Former Sen. Bob Dole speaks as he's awarded the Congressional Gold Medal, the highest civilian honor bestowed by Co‚Ä¶ https://t.co/OyG5E2Ytg4",0.8402,0.346,0.654,0.0,2018-01-17 18:00:01,RETWEET to save a life. #BobsBurgers https://t.co/sUHvLWZtpW,0.4939,0.39,0.61,0.0,2018-01-17 21:01:21,One reader's reaction to North and South Korea‚Äôs agreement to march under a ‚Äúunified Korea‚Äù flag at the Olympics‚Ä¶ https://t.co/kxSmk8kmXI,0.4939,0.151,0.849,0.0
2,2018-01-17 19:07:51,"RT @bbccomedy: Ahead of the Bayeux Tapestry's loan to the UK, here's an exclusive sneak peek. https://t.co/xsBwCl1EED",0.128,0.086,0.914,0.0,2018-01-17 14:52:00,"You won't want to miss performances by @eltonofficial with @MileyCyrus, @U2, @samsmithworld, @kendricklamar &amp; more!‚Ä¶ https://t.co/dCKkJIXQfZ",0.1316,0.102,0.826,0.072,2018-01-17 21:11:12,Caroline Wozniacki pulls off amazing comeback at Australian Open https://t.co/X8PCxbTVtj https://t.co/xVmlHUtFP3,0.5859,0.275,0.725,0.0,2018-01-17 15:53:36,RT @911onFOX: RETWEET if you're excited for a second season of #911onFOX. https://t.co/ocNSB1Wc53,0.34,0.179,0.821,0.0,2018-01-17 21:00:11,One reader's reaction to North and South Korea‚Äôs agreement to march under a ‚Äúunified Korea‚Äù flag at the Olympics‚Ä¶ https://t.co/Sl5ECp63CP,0.4939,0.151,0.849,0.0
3,2018-01-17 19:07:21,RT @bbcworldservice: This pair of North Korean figure skaters will be a big hit at the 2018 Winter Olympics. But are they expected to win a‚Ä¶,0.5859,0.137,0.863,0.0,2018-01-14 22:13:29,Cast your vote now and see who will be named the winner of Super Bowl Greatest Commercials 2018! Tune in January 30‚Ä¶ https://t.co/zUteavWdKi,0.9215,0.379,0.621,0.0,2018-01-17 21:02:02,"Former Sen. Bob Dole is awarded the Congressional Gold Medal, Congress' highest civilian honor. Watch CNN:‚Ä¶ https://t.co/aEclExRiRy",0.8402,0.391,0.609,0.0,2018-01-17 15:51:53,RT @LuciferonFOX: When you realize that #Lucifer returns in five days. üò≥ https://t.co/2OuihHX2Ol,0.0,0.0,1.0,0.0,2018-01-17 20:46:08,It‚Äôs not Apple‚Äôs fault that you feel enslaved by your phone. But Apple can do more to address it. https://t.co/tPZRs82T1I,-0.1134,0.098,0.784,0.118
4,2018-01-17 19:07:07,"RT @BBCScotland: ""The more realistic they are the more freaky they are.""

A look into the world of incredibly life-like dolls known as 'reb‚Ä¶",-0.4201,0.0,0.887,0.113,2018-01-14 19:12:26,"If you continue to experience problems, please visit https://t.co/wvWEgDYfI5 to send our support team an email.",0.3182,0.242,0.628,0.13,2018-01-17 20:58:07,"Former ""Today"" show anchor Katie Couric will return to NBC to co-host the Olympics https://t.co/vBIiEgSWNm https://t.co/vyFRN20ENj",0.0,0.0,1.0,0.0,2018-01-17 14:00:05,"Skinner, are you new here? #TheXFiles https://t.co/DMRgtlGE2Z",0.0,0.0,1.0,0.0,2018-01-17 20:31:48,A fireball from a descending meteor lit up the sky north of Detroit on Tuesday night https://t.co/NJ2hQXdf3A https://t.co/FxK6AN9nMz,0.0,0.0,1.0,0.0
5,2018-01-17 19:00:10,"üëë Lucy Worsley revisits key events in the lives of Henry VIII's six wives. 

Six Wives with @Lucy_Worsley | 9pm |‚Ä¶ https://t.co/ZeTGZRXhgz",0.0,0.0,1.0,0.0,2018-01-14 19:12:25,"We apologize for the live streaming issues some users are experiencing on CBS All Access this morning. The issue, a‚Ä¶ https://t.co/WNl94H269i",0.1027,0.065,0.935,0.0,2018-01-17 20:50:12,Samsung unveils a special edition of its Galaxy Note 8 smartphone that's only for Olympians https://t.co/gvT53eu6EU https://t.co/HsjI2ieMJY,0.4019,0.162,0.838,0.0,2018-01-17 00:02:05,Have a day so good you dance like @Diddy. üï∫ #TheFour https://t.co/ZUee9wnTiY,0.7384,0.438,0.562,0.0,2018-01-17 20:16:05,"‚ÄúNo longer can we turn a blind eye or deaf ear to those assaults on our institutions."" Senator Jeff Flake took to t‚Ä¶ https://t.co/KpvPkTsVo6",-0.7351,0.0,0.772,0.228
6,2018-01-17 18:30:04,"Meet the woman who loves blood, guts &amp; gore! ü§¢ https://t.co/zGQzBWxSgF",0.6114,0.307,0.693,0.0,2018-01-14 19:11:33,"RT @startrekcbs: There will be lots to discuss after tonight's new #StarTrekDiscovery. Luckily, #AfterTrek has you covered. Join @karterhol‚Ä¶",0.6705,0.244,0.756,0.0,2018-01-17 20:40:13,"""Russia is not helping us at all with North Korea,"" President Trump says https://t.co/mKYKE5A6TB https://t.co/k2egT1Cw7H",-0.2235,0.0,0.881,0.119,2018-01-16 22:36:22,"RT @DylanMcDermott: Tonight! The most Epic Battle of all time!
@LAtoVegasFOX https://t.co/7c9KBRVy2g",-0.5365,0.0,0.761,0.239,2018-01-17 20:01:31,"Apple plans to bring back the majority of the $252 billion in cash that it has long held abroad, capitalizing on th‚Ä¶ https://t.co/zxPQyekBhu",0.0,0.0,1.0,0.0
7,2018-01-17 17:48:46,"RT @bbcthree: ""What do you do with your junk?"" WHY DO YOU CARE!?

Things not to say to drag kings and queens https://t.co/WJMCXD7S3r",-0.372,0.0,0.896,0.104,2018-01-14 14:49:58,Don‚Äôt miss the AFC Divisional game! Stream the Jacksonville Jaguars at Pittsburgh Steelers LIVE today at 1:05PM ET‚Ä¶ https://t.co/uYjgjaa6Oj,-0.2244,0.0,0.905,0.095,2018-01-17 20:30:11,A judge doubles as a therapist in the Larry Nassar case https://t.co/2g0BEff2Id https://t.co/gRm3kzxBZZ,0.0,0.0,1.0,0.0,2018-01-16 21:50:48,"RT @JussieSmollett: A few spots you can get #Freedom let the fam knowüëáüèølove y‚Äôallüôèüèø
VEVO 
https://t.co/GCNFanzkuI

iTunes 
https://t.co/0SK‚Ä¶",0.0,0.0,1.0,0.0,2018-01-17 19:46:08,‚ÄúIt‚Äôs only a matter of time before loneliness turns into depression. And that‚Äôs where it gets dangerous.‚Äù https://t.co/aZZ7lPB1ri,-0.7506,0.051,0.648,0.301
8,2018-01-17 17:30:07,These coots are putting us all to shame! #GymGoals üòÇ https://t.co/wOhUMeGKRg,-0.5255,0.0,0.726,0.274,2018-01-14 12:00:01,"Today's music stars will be tomorrow's legends. In two weeks, celebrate The 60th Annual #GRAMMYs, Sunday, January 2‚Ä¶ https://t.co/feZVWMIKua",0.5719,0.171,0.829,0.0,2018-01-17 20:25:06,Poison control centers say they‚Äôve seen a ‚Äúlarge spike‚Äù in calls due to an online laundry pod challenge‚Ä¶ https://t.co/Uc5iAMuoE6,-0.5423,0.0,0.829,0.171,2018-01-16 21:31:06,You should always travel with a dustpan. #TheMick https://t.co/4Bni5P8wsR,0.0,0.0,1.0,0.0,2018-01-17 19:31:10,"On Tuesday, a Democrat won a Wisconsin State Senate seat that had been held by a Republican for 17 years. The win s‚Ä¶ https://t.co/wcg7JRFc3L",0.8176,0.283,0.717,0.0
9,2018-01-17 17:00:07,"@@@

Everyone uses it, but not many know its official name, so here's a brief history of the asperand. üëâ‚Ä¶ https://t.co/O5C08Kbc8J",0.0,0.0,1.0,0.0,2018-01-13 14:32:07,Don‚Äôt miss the AFC Divisional game! Stream the Tennessee Titans at New England Patriots LIVE tonight at 8:15PM ET w‚Ä¶ https://t.co/X34bNfms3j,-0.2244,0.0,0.914,0.086,2018-01-17 20:20:20,"""My father sees one color, green"": Eric Trump defends his father amid reports that the President called certain Afr‚Ä¶ https://t.co/z7wqU2oSDi",0.2732,0.1,0.9,0.0,2018-01-16 20:23:45,RT @PassengerShame: I am loooooving the SAVAGE captains on #LAtoVegas!!üòÇ‚úàÔ∏è Is it @DylanMcDermott or #DermotMulroney behind that cockpit doo‚Ä¶,-0.6505,0.0,0.797,0.203,2018-01-17 19:21:27,RT @ginakolata: Why is obesity linked to prostate cancer? A new study suggests a reason. Next: a clinical trial or an anti-obesity drug in‚Ä¶,-0.6597,0.0,0.82,0.18
10,2018-01-17 15:05:03,"üó£ Over 100 years after it was invented, Esperanto is spoken by relatively few people. 

But the internet has brough‚Ä¶ https://t.co/SgjmD9LRth",0.0,0.0,1.0,0.0,2018-01-12 21:39:27,Star power makes these commercials instant classics! Vote for your favorite spot now and watch Super Bowl Greatest‚Ä¶ https://t.co/DwBhTazToF,0.8016,0.297,0.703,0.0,2018-01-17 20:15:06,Sen. Lindsey Graham said he won't vote for a short-term spending bill that Republicans are attempting to pass by Fr‚Ä¶ https://t.co/w4bZ7HAG2A,0.0,0.0,1.0,0.0,2018-01-16 19:14:24,RT @EmpireFOX: Congratulations to @TherealTaraji on her NAACP win in the Outstanding Actress in a Drama Series category for #Empire! üç™ #Ima‚Ä¶,0.9184,0.414,0.586,0.0,2018-01-17 19:00:26,The British government has appointed a minister for loneliness https://t.co/tsHtX6RDWi https://t.co/VAjgzshBz2,-0.4215,0.0,0.763,0.237
11,2018-01-17 14:30:06,"Scotland has named its road gritters Sir Andy Flurry, Sir Salter Scott and Gritty Gritty Bang Bang. üòÇ‚Ä¶ https://t.co/ZceYbNIOLx",0.0,0.0,1.0,0.0,2018-01-12 12:00:05,Four-time GRAMMY¬Æ winner @KeithUrban inspires the next generation of young artists through music education. Because‚Ä¶ https://t.co/1a32zReMrn,0.7717,0.324,0.676,0.0,2018-01-17 20:10:05,Is Barnes &amp; Noble nearing its final chapter? There may still be life left in the book chain's story. https://t.co/sAqGzFZJKF,0.4588,0.136,0.864,0.0,2018-01-16 18:01:05,"You tell 'em, Brennan. #Bones https://t.co/1qL25jonnW",0.0,0.0,1.0,0.0,2018-01-17 18:45:05,Moscow got only 6 minutes of sunlight during the entire month of December https://t.co/IJKOqZrELx,0.0,0.0,1.0,0.0
12,2018-01-17 14:00:06,"Pop stars as novelists. üé§‚úç

Only a select few have succeeded... üëâ https://t.co/YB5ZF9Ewv3 https://t.co/l27B3ycTmX",0.0,0.0,1.0,0.0,2018-01-11 20:34:24,Here's why @startrekcbs needs to be your next binge: https://t.co/locrpdx0VT #StarTrekDiscovery https://t.co/XOMuprlXzG,0.0,0.0,1.0,0.0,2018-01-17 20:01:54,At least 10 people were killed and dozens were injured after four female suicide bombers detonated explosives in Ni‚Ä¶ https://t.co/CxeeUM4mOG,-0.9136,0.0,0.592,0.408,2018-01-16 14:00:05,Captain Dave is proud of his baggage. #LAtoVegas https://t.co/NOn48Z5aWl,0.4767,0.279,0.721,0.0,2018-01-17 18:30:20,He leaked a photo of Rick Perry hugging a coal executive. Then he lost his job. https://t.co/45AVbAbAa7,-0.2023,0.144,0.619,0.237
13,2018-01-17 13:30:04,"Thinking of buying a car?

üöôüé® Apparently your choice of colour says more about you than you might realise.‚Ä¶ https://t.co/QREMOhJBZF",0.0,0.0,1.0,0.0,2018-01-11 20:31:42,RT @Elementary_CBS: Your favorite detective duo is back! #Elementary returns April 30 at 10/9c! https://t.co/aG8XiwAd6S,0.555,0.204,0.796,0.0,2018-01-17 20:00:27,North and South Korean athletes will march together at the Winter Olympics opening ceremony under a unified flag‚Ä¶ https://t.co/L5Q2QpkF6b,0.3818,0.133,0.867,0.0,2018-01-16 00:00:04,"No, Tina. You're our hero. #BobsBurgers https://t.co/lYJxqBqw3G",0.34,0.333,0.463,0.204,2018-01-17 18:15:08,RT @nytopinion: Nuanced conversations about consent have been happening for a long time. The reason they feel foreign to so many men is tha‚Ä¶,0.2263,0.079,0.921,0.0
14,2018-01-17 13:00:06,"Up until a century ago, residents of Makhunik were half a metre shorter than the average Iranian. @BBC_Travel‚Ä¶ https://t.co/guNf5FR816",0.0,0.0,1.0,0.0,2018-01-11 20:31:33,"RT @CodeBlackCBS: Return to Angels Memorial on Wednesday, May 2 for season 3 of #CodeBlack. https://t.co/ZmfuQhOwoU",0.0,0.0,1.0,0.0,2018-01-17 19:50:08,"""2018 must be the year in which the truth takes a stand against power that would weaken it""

Read Sen. Jeff Flake's‚Ä¶ https://t.co/vGG3GNF01l",-0.128,0.092,0.797,0.112,2018-01-15 21:30:02,"You heard Polaris, #MutantsUnite tonight at 8/7c. #TheGifted https://t.co/uOi1aBbZST",0.0,0.0,1.0,0.0,2018-01-17 18:00:06,"Steve Bannon will be interviewed by special counsel investigators instead of testifying before a grand jury. 

This‚Ä¶ https://t.co/irbXs3ClNG",0.6908,0.275,0.725,0.0
15,2018-01-17 12:30:01,Quick-fire questions with #McMafia's @jginorton! https://t.co/SoyRZUliv2,0.0,0.0,1.0,0.0,2018-01-11 12:00:06,#TBT to when @latelateshow's @JKCorden rolled into the 2017 #GRAMMYs! Don't miss him return to host The 60th Annual‚Ä¶ https://t.co/CbczcnV3HK,0.1867,0.084,0.916,0.0,2018-01-17 19:40:13,President Trump bragged on Twitter that his approval rating with black Americans has doubled. It hasn't.‚Ä¶ https://t.co/kR2ApTWp18,0.4767,0.162,0.838,0.0,2018-01-15 18:00:04,MOOD. #TheSimpsons https://t.co/k8u6W1h0Si,0.0,0.0,1.0,0.0,2018-01-17 17:45:16,Goldman Sachs once looked invincible. Now it‚Äôs losing money. https://t.co/ycLqJYASZR,0.1531,0.232,0.58,0.188
16,2018-01-17 12:00:08,The Bayeux Tapestry is to be displayed in UK for the first time. https://t.co/bTXsjJ9UTp https://t.co/HiOo3J3FUf,0.0,0.0,1.0,0.0,2018-01-10 17:15:18,Hosts @7BOOMERESIASON &amp; @DanielaRuah return in Super Bowl Greatest Commercials 2018 pitting man vs. beast! Cast you‚Ä¶ https://t.co/bk8OKTblMw,0.8553,0.344,0.656,0.0,2018-01-17 19:30:10,Former White House chief strategist Steve Bannon has struck a deal with special counsel Robert Mueller's team and w‚Ä¶ https://t.co/3cPhqbIk3P,0.1779,0.124,0.783,0.092,2018-01-15 14:09:02,CLASSIC. TEENAGE. ANGST. #90210 https://t.co/NiSiSxBizR,0.0,0.0,1.0,0.0,2018-01-17 17:30:32,Your face may be on the wall of a museum. This app could help you to find it. https://t.co/3r0ltRUUFd,0.4019,0.137,0.863,0.0
17,2018-01-17 11:28:12,‚ö°Ô∏è @BTS_twt are about to appear in a @BBCR1 documentary and fans are READY! ‚ú® #BTS #BTSonBBCR1 https://t.co/RtV8VqjKJe,0.5461,0.19,0.81,0.0,2018-01-10 14:44:59,"Music's Biggest Night¬Æ just got bigger with epic performances by @BrunoMars with @iamcardib, @KeshaRose, @sza and m‚Ä¶ https://t.co/rCWrP6PihR",0.0,0.0,1.0,0.0,2018-01-17 19:23:44,Republicans will be blamed for a government shutdown | Analysis by @CillizzaCNN https://t.co/dgFP7Abrot https://t.co/dKoCzuWd8m,-0.4767,0.0,0.78,0.22,2018-01-14 21:30:01,When you remember you don't have work tomorrow... #That70sShow https://t.co/jaqyvUTU4u,0.0,0.0,1.0,0.0,2018-01-17 17:16:06,"RT @nytopinion: Strangely, the commander-in-chief, the one who would decide when and how to use those weapons, is the only individual in th‚Ä¶",-0.6249,0.0,0.805,0.195
18,2018-01-17 10:34:20,RT @bbcthree: Dark-skinned girls explain colourism. https://t.co/3IymyDshkk,0.0,0.0,1.0,0.0,2018-01-09 19:30:28,RT @BullCBS: Dr. #Bull's latest case could change the way Psychologists work. Don't miss tonight's new episode at 9/8c on CBS! https://t.co‚Ä¶,0.1867,0.076,0.924,0.0,2018-01-17 19:20:13,"Colin Kaepernick says he is making his final $100,000 donation to complete his $1 million pledge to help groups wor‚Ä¶ https://t.co/kervIUrlpp",0.4019,0.119,0.881,0.0,2018-01-14 18:00:04,Draw me like one of your French girls. #LastManOnEarth https://t.co/LX7in13QPG,0.3612,0.217,0.783,0.0,2018-01-17 17:01:05,North and South Korean athletes will march under a ‚Äúunified Korea‚Äù flag at the Olympics. It's the most dramatic ges‚Ä¶ https://t.co/CG0c1OcPK5,0.0,0.0,1.0,0.0
19,2018-01-17 10:31:35,"RT @BBCOne: Pallas's cat. It's so still‚Ä¶ so ghostly, that people think it's a rock. But it's not. It's a cat. Rocks don't miaow. Not as a r‚Ä¶",0.0,0.0,1.0,0.0,2018-01-09 19:27:16,"üé∂@Prince pushed the envelope and never settled for ordinary.

Celebrate the greatest artists in music history at Th‚Ä¶ https://t.co/GPZ9YgK1tH",0.836,0.317,0.683,0.0,2018-01-17 19:10:08,Republicans will blamed for a government shutdown | Analysis by @CillizzaCNN https://t.co/oi07rYi1Dt https://t.co/Eoi4eIEBa8,-0.4767,0.0,0.763,0.237,2018-01-14 14:00:02,Join the party! #FamilyGuy's 300th episode airs TONIGHT at 9/8c. Giggity. https://t.co/lED52UYw6a,0.636,0.342,0.658,0.0,2018-01-17 16:46:04,"Bill Miller, the investor who beat the S&amp;P 500 for 15 straight years, donated $75 million to support philosophy at‚Ä¶ https://t.co/9rWrAYPlE1",0.5574,0.195,0.805,0.0
20,2018-01-17 10:05:32,RT @BBCSport: Manchester City Women forward Nikita Parris and Chelsea Ladies winger Karen Carney go head-to-head to see who's got the best‚Ä¶,0.0,0.0,1.0,0.0,2018-01-09 18:29:39,RT @AmazingRaceCBS: This race is just getting started. Catch a new episode of The #AmazingRace tomorrow at 8/7c on CBS! https://t.co/Nab5DC‚Ä¶,0.0,0.0,1.0,0.0,2018-01-17 19:00:07,"The first so-called ""ghost ship"" of 2018 washes up in Japan with dead North Koreans. More than 100 arrived on Japan‚Ä¶ https://t.co/fBPAcLuVxI",-0.765,0.0,0.752,0.248,2018-01-13 21:48:05,When anyone but Mulder flirts with Scully. üò∑ #TheXFiles https://t.co/aaGx5jt6PS,0.2617,0.204,0.796,0.0,2018-01-17 16:31:11,"A plan to create a new American-backed, Kurdish-led border force in northeastern Syria has raised alarms in the reg‚Ä¶ https://t.co/rkVXQc0syR",0.0,0.104,0.792,0.104
21,2018-01-17 09:00:13,"'The homophobia is staggering.'

Friends and the trouble with old sitcoms. üëâ https://t.co/ujOeE9oRPR https://t.co/sJG4bu0RQZ",0.1027,0.185,0.655,0.161,2018-01-08 18:07:57,RT @startrekcbs: #StarTrekDiscovery is back! Episode 10 is now streaming on CBS All Access: https://t.co/xPeb97Rs8J https://t.co/Uvgab7nGgS,0.0,0.0,1.0,0.0,2018-01-17 18:52:09,"White House press secretary Sarah Sanders on potential for government shutdown: ""The President certainly doesn't wa‚Ä¶ https://t.co/AQyTixvmUT",0.34,0.13,0.87,0.0,2018-01-13 20:29:57,"RT @COSMOSonTV: .@FOXTV and @NatGeoChannel‚Äôs Emmy-award winning event series, returns with #COSMOS: Possible Worlds hosted again by @neilty‚Ä¶",0.5267,0.167,0.833,0.0,2018-01-17 16:16:09,NBA Power Rankings: A team-by-team progress report at the midseason https://t.co/iiFc28HxAS,0.4215,0.237,0.763,0.0
22,2018-01-17 08:41:10,"RT @BBCFOUR: üîé  Who is your favourite actor to play Sherlock Holmes? How to Be Sherlock Holmes, tonight from midnight. https://t.co/flUxnGA‚Ä¶",0.34,0.112,0.888,0.0,2018-01-08 14:34:48,"New year, new case. Watch the latest episode of #NCISLA now: https://t.co/1rAsX4EsiB https://t.co/QzRZcORK9r",0.0,0.0,1.0,0.0,2018-01-17 18:50:10,Sen. Jeff Flake's 20 most damning lines about President Trump's assault on the press | Analysis by @CillizzaCNN‚Ä¶ https://t.co/MXKlhUIC8Y,-0.7574,0.0,0.711,0.289,2018-01-13 18:00:06,#Lucifer does have a point... üòà https://t.co/digMAyYdbE,0.0,0.0,1.0,0.0,2018-01-17 16:01:55,"In May of 2017, the Times reported that China had killed or jailed more than a dozen CIA sources over 2 years, weak‚Ä¶ https://t.co/cttOBsiDiV",-0.8271,0.0,0.722,0.278
23,2018-01-17 08:40:02,"Maybe we all need to find some 'monk time'?

Just one of the top tips on cracking that work-life balance from‚Ä¶ https://t.co/OgfoyHiLnd",0.2023,0.079,0.921,0.0,2018-01-08 14:29:20,RT @AmazingRaceCBS: Which teams are zipping through the first leg of the #AmazingRace? https://t.co/8isAwPyrLY,0.0,0.0,1.0,0.0,2018-01-17 18:40:02,It's so cold in parts of Siberia that eyelashes are freezing https://t.co/4zqMkU7JRL https://t.co/K6ttwViZnI,-0.1027,0.0,0.896,0.104,2018-01-13 14:00:03,When Cookie goes IN on Boo Boo Kitty. #Empire https://t.co/RcY4Em7XhD,0.0,0.0,1.0,0.0,2018-01-17 15:46:05,"After a spate of fatal cycling crashes, officials are announcing plans to install the first protected crosstown bik‚Ä¶ https://t.co/sQYD6ptozX",-0.1531,0.129,0.714,0.156
24,2018-01-17 08:39:10,"RT @BBCScotland: Look out the thermals, snow has arrived in Scotland! https://t.co/kBphsIw865",0.0,0.0,1.0,0.0,2018-01-08 00:29:51,RT @MadamSecretary: Is VP Hurst going to work with or against Elizabeth? Stream a new #MadamSecretary live with CBS All Access: https://t.c‚Ä¶,0.0,0.0,1.0,0.0,2018-01-17 18:34:56,How three elections are snarling the immigration fight | Analysis by @StCollinson https://t.co/z9bAC7NjLk https://t.co/1Tgh6nzGm2,-0.3818,0.0,0.822,0.178,2018-01-13 00:06:03,RETWEET if this is gonna be you in the club tonight. #BobsBurgers https://t.co/KC23m2lHV6,0.0,0.0,1.0,0.0,2018-01-17 15:30:08,"RT @NYTNational: As a white supremacist prepared to come to the University of Florida last year, the president recalled looking at the chao‚Ä¶",0.34,0.145,0.855,0.0
25,2018-01-17 08:35:21,RT @BBCTwo: How do you make a fruit soft drink? üçáü§î #InsideTheFactory https://t.co/U6LB8SyM7g,0.0,0.0,1.0,0.0,2018-01-06 20:05:17,"RT @debrabirnbaum: .@ShawnRyanTV: To me, being on CBS is the opposite of preaching to the choir. #TCA18",0.0,0.0,1.0,0.0,2018-01-17 18:20:19,The wife of a man deported to Mexico after living in the US for 30 years says they have not received any calls or a‚Ä¶ https://t.co/QSZIBvJvk8,0.0,0.0,1.0,0.0,2018-01-12 23:05:50,RT @Diddy: MOOD https://t.co/jSCukCoGp0,0.0,0.0,1.0,0.0,2018-01-17 15:14:02,Opinion: How sex trumped race https://t.co/j1oKvPniZ6,0.0,0.0,1.0,0.0
26,2018-01-17 08:34:25,"RT @BBCR1: ‚ú® Just TWO DAYS to go! ‚ú®

Watch @AdeleRoberts explore the K-pop phenomenon and meet the incredible @BTS_twt this Friday from 5AM‚Ä¶",0.0,0.0,1.0,0.0,2018-01-06 19:04:08,RT @LivinBiblically: ‚ÄúThe truth is it somehow gorgeously straddles both sides...I have had friends come from all different walks of life an‚Ä¶,0.8271,0.314,0.686,0.0,2018-01-17 18:17:57,"White House press secretary Sarah Sanders is holding a briefing.

Watch on CNN: https://t.co/XSQ1Yga28v

Follow liv‚Ä¶ https://t.co/Mul6hsqKr8",0.0,0.0,1.0,0.0,2018-01-12 23:05:41,RT @FamilyGuyonFOX: No one said it would be easy. Celebrate 300 episodes with us on SUNDAY. #FamilyGuy #FamilyGuy300 https://t.co/3ksSDiM5Nn,0.6597,0.266,0.645,0.089,2018-01-17 15:00:46,Morning¬†Briefing: Here's what you need to know to start your day https://t.co/2tzkGknf0w https://t.co/AE5kkVVBib,0.0,0.0,1.0,0.0
27,2018-01-17 08:34:09,RT @BBCWthrWatchers: Good morning Weather Watchers! #Snow is making headlines again this morning. https://t.co/P41Wh4MU80,0.4926,0.197,0.803,0.0,2018-01-06 19:03:38,RT @instinctcbs: ‚ÄúThis is a crime show where at the end you‚Äôre not reminded of how miserable things are in the world right now‚Ä¶You feel sat‚Ä¶,-0.7717,0.0,0.774,0.226,2018-01-17 18:10:13,"Aetna customers whose HIV statuses were revealed through windowed envelopes will receive a $17 million settlement,‚Ä¶ https://t.co/CXT0wdQjiH",0.0,0.0,1.0,0.0,2018-01-12 23:02:50,RT @TheSimpsons: Retweet if you've ever slept on the job. We won't judge. #TheSimpsons https://t.co/W89can7iJT,0.0,0.0,1.0,0.0,2018-01-17 14:31:07,"""The phenomenon of female anger has often been turned against itself, the figure of the angry woman reframed as thr‚Ä¶ https://t.co/QOFRb89Kcs",-0.7906,0.0,0.731,0.269
28,2018-01-17 08:34:04,"RT @BBCR1: Wild, wild, wild üí´üé∂

Want to watch @Harry_Styles cover Wild Thoughts in the Live Lounge? NOW YOU CAN üíï

üëâüëâüëâ https://t.co/eqwApf9‚Ä¶",0.0772,0.058,0.942,0.0,2018-01-06 00:37:55,"RT @startrekcbs: Star Trek has touched the lives of generations of fans, including the cast and writers of #StarTrekDiscovery. What's your‚Ä¶",0.0,0.0,1.0,0.0,2018-01-17 18:00:27,"President Trump expands US military footprint despite candidate Trump's ""America First"" campaign rhetoric‚Ä¶ https://t.co/eY5wb69OmZ",0.1027,0.097,0.903,0.0,2018-01-12 23:02:43,RT @ResidentFOX: This perfectionist surgeon is focused on one thing: getting it done the right way. @shauneywood plays Dr. Mina Okafor in #‚Ä¶,0.7269,0.262,0.738,0.0,2018-01-17 14:15:09,President Trump will be encouraged to lower the fat and carbohydrate content of his diet https://t.co/m2YizUmBJU,0.0772,0.134,0.749,0.118
29,2018-01-17 08:33:51,"RT @BBC_Teach: Teaching Shakespeare to 7-14 year olds?

Check out our retelling of Shakespeare's classic plays (including Romeo and Julietüíë‚Ä¶",0.25,0.095,0.905,0.0,2018-01-06 00:30:53,#StrangeAngel has found its leading man! Jack Reynor will star as famed rocket engineer Jack Parsons in the upcomin‚Ä¶ https://t.co/sHkSKABGfd,0.0,0.0,1.0,0.0,2018-01-17 17:50:09,"Israel's Prime Minister says the US will move its embassy to Jerusalem by the end of the year, contradicting recent‚Ä¶ https://t.co/inpM4owQRV",-0.3182,0.0,0.897,0.103,2018-01-12 23:01:58,RT @Variety: The premiere of #911onFox more than doubled its audience in delayed viewing https://t.co/I9J6itteUA https://t.co/U25aPsO4sj,-0.2263,0.0,0.888,0.112,2018-01-17 14:00:16,RT @UpshotNYT: How many ways are there to gerrymander Pennsylvania? We try a few. https://t.co/X5EqO6Dscp,0.0,0.0,1.0,0.0
30,2018-01-17 08:20:04,üí≠üé® Inside the mind of @Gorillaz artist @JamieHewlett. üëâ https://t.co/6MVk4LGpP3 https://t.co/OpGIkIeG4E,0.0,0.0,1.0,0.0,2018-01-05 18:30:42,"The streak of new episodes continues! Watch new episodes of #MacGyver, #H50 &amp; #BlueBloods tonight starting at 8/7c.‚Ä¶ https://t.co/xs2vbVqBJZ",0.0,0.0,1.0,0.0,2018-01-17 17:40:10,North and South Korean athletes will march together at the Winter Olympics opening ceremony under a unified flag‚Ä¶ https://t.co/9sl8gySQtQ,0.3818,0.133,0.867,0.0,2018-01-12 21:26:01,When you wanna go out but your bank account says -$42.73. üôÉ #ScreamQueens https://t.co/fnh7kNYdFI,0.0,0.0,1.0,0.0,2018-01-17 13:57:10,"Breaking News: North and South Korean athletes will march under one flag at the Winter Olympics, a move Seoul has s‚Ä¶ https://t.co/HHpDCRJuQo",0.0,0.0,1.0,0.0
31,2018-01-17 08:00:03,"Could you write a 500 word story? ‚úçÔ∏è

@BBCRadio2 have launched their children's writing competition '500 Words' &amp;‚Ä¶ https://t.co/STW41C7ofa",0.128,0.081,0.919,0.0,2018-01-05 16:05:58,"RT @CBSTweet: #CBSRatingsNews: CBS Sweeps Fourth Quarter Ratings in Daytime, Primetime and Late Night for the First Time Since 2009 https:/‚Ä¶",0.0,0.0,1.0,0.0,2018-01-17 17:30:19,8 scathing quotes from Sen. Jeff Flake's Senate floor speech ripping President Trump for his attacks on the truth‚Ä¶ https://t.co/bObWTVjmmz,-0.4404,0.0,0.861,0.139,2018-01-12 18:00:04,You don't mess with Athena. üíÅ #911onFOX https://t.co/RzskCqEVQT,0.2755,0.26,0.74,0.0,2018-01-17 13:51:04,The Trump administration is taking its campaign against illegal immigration to the workplace https://t.co/N1uLkkV1OM,-0.5574,0.0,0.783,0.217
32,2018-01-17 07:38:10,üì∏ Temples of stone: In the footsteps of George Rodger. https://t.co/7YVa4kS0B7 https://t.co/90eHBUsRcm,0.0,0.0,1.0,0.0,2018-01-04 23:13:02,"New year, new episodes! Don't miss all-new episodes of @BigBangTheory, @YoungSheldon, @MomCBS, @LifeInPiecesCBS, an‚Ä¶ https://t.co/COf6Qg8Mz1",0.1867,0.11,0.89,0.0,2018-01-17 17:20:55,"Jorge Garcia was brought to the US when he was 10 years old and has lived there for 30 years. On Monday, he was sep‚Ä¶ https://t.co/wtLGkcKBT7",0.0,0.0,1.0,0.0,2018-01-12 14:04:05,Which All-Star will earn a Black Jacket? Find out tonight at 8/7c. #HellsKitchen https://t.co/WlaVwCuU2X,0.0,0.0,1.0,0.0,2018-01-17 13:40:00,Jerry Chun Shing Lee is suspected of identifying agency informants to the Chinese government. Read the case against‚Ä¶ https://t.co/6NANnpaKnr,-0.2263,0.0,0.905,0.095
33,2018-01-16 19:24:04,Andrew Graham-Dixon explores the history of the dazzling collection of art and decorative objects owned by the Quee‚Ä¶ https://t.co/FRgAsFC2Jg,0.0,0.0,1.0,0.0,2018-01-04 14:43:09,"Current nominees @LadyGaga, @LittleBigTown, @Pink, Childish Gambino and more will perform live at the #GRAMMYs, Jan‚Ä¶ https://t.co/PlLMasNPwD",-0.296,0.0,0.879,0.121,2018-01-17 17:10:58,"For decades, an aunt of the children held captive in California begged to see her nieces and nephews, but her siste‚Ä¶ https://t.co/zolOJ4NRpd",0.0,0.0,1.0,0.0,2018-01-12 04:14:06,"RT @TheFourOnFOX: Get it, @meghan_trainor! üôÜüèº‚Äç‚ôÄÔ∏è #TheFour https://t.co/ihSMjdw78G",0.0,0.0,1.0,0.0,2018-01-17 13:31:05,The White House physician gave President Trump high marks in both physical and mental fitness. Late-night hosts wer‚Ä¶ https://t.co/q9VjUSQHgp,0.2732,0.104,0.896,0.0
34,2018-01-16 19:00:09,"This caterpillar keeps its old heads and wears them as hats! üêõüé© 

#QI https://t.co/RoMRWaheh0",0.0,0.0,1.0,0.0,2018-01-03 20:33:09,"RT @startrekcbs: From Airiam to Zefram Cochrane, #StarTrekDiscovery features fascinating new concepts along with classic references. What's‚Ä¶",0.5423,0.179,0.821,0.0,2018-01-17 17:00:13,"Sen. John McCain tells President Trump to stop attacking the media, saying in a Washington Post op-ed that the admi‚Ä¶ https://t.co/TSrZK5dipA",-0.6369,0.0,0.776,0.224,2018-01-12 01:38:40,"RT @TheSimpsons: Happy milk day!
Have a cow, man! 
Check out our latest #NationalMilkDay Instagram: https://t.co/bykuvoE95V
#TheSimpsons ht‚Ä¶",0.6467,0.211,0.789,0.0,2018-01-17 13:20:11,"Tyler Hilinski, a Washington State quarterback, was found dead in an apartment on Tuesday https://t.co/rqsE8gFZxY",-0.6486,0.0,0.751,0.249
35,2018-01-16 18:33:07,Here is a selection of some of the most striking photographs taken around the world last week. üì∏‚Ä¶ https://t.co/bEGkDPZbwv,0.0,0.0,1.0,0.0,2018-01-03 19:51:15,Torres and Bishop went undercover as a criminal couple on the latest episode of #NCIS. Catch up now:‚Ä¶ https://t.co/1iTEneHyJS,-0.5267,0.0,0.833,0.167,2018-01-17 16:50:08,Shutdown watch: Are there enough House Republicans to keep the government open? https://t.co/26euiDtl5x https://t.co/J7zudW9Xhj,0.0,0.0,1.0,0.0,2018-01-12 00:00:02,"It's priority #1 always, kids. #TheMick https://t.co/ByiNSJysDu",0.0,0.0,1.0,0.0,2018-01-17 13:11:03,Trump's tweet about his approval among Black Americans demonstrates how inaccurate information can trickle to the p‚Ä¶ https://t.co/yYaUslyobt,0.4767,0.154,0.846,0.0
36,2018-01-16 18:00:07,"Going dairy-free? üôÖüêÆ

You don't have to miss out on a creamy pudding for afters with these 5 vegan pudding recipes.‚Ä¶ https://t.co/lCbx4LPc66",0.1139,0.071,0.929,0.0,2018-01-03 15:00:05,Do you know all the nominees for Artist Of The Year? Get familiar with this year's GRAMMY¬Æ Award nominees ahead of‚Ä¶ https://t.co/UQa8Mu9PUV,0.5423,0.143,0.857,0.0,2018-01-17 16:40:08,Sweden is preparing to issue leaflets to 4.7 million households this spring in order to warn citizens of potential‚Ä¶ https://t.co/YZIdKUhhVK,-0.1027,0.0,0.931,0.069,2018-01-11 21:32:01,Prepare for a wild ride. Stream last night's #911onFOX now: https://t.co/GH0XNbfn1s,0.0,0.0,1.0,0.0,2018-01-17 13:00:26,Morning¬†Briefing: Here's what you need to know to start your day https://t.co/q265vzgLwr https://t.co/s0UP0W0ahA,0.0,0.0,1.0,0.0
37,2018-01-16 17:30:08,"Five months after noticing a swelling in her stomach, Jasmine is having a tumour removed that's A THIRD of her body‚Ä¶ https://t.co/WigJwzG3nc",0.0,0.0,1.0,0.0,2018-01-03 12:00:01,"The new year of new episodes continues tonight with all-new episodes of #AmazingRace, #SEALTeam and #CriminalMinds‚Ä¶ https://t.co/bwhNhQgsFC",0.0,0.0,1.0,0.0,2018-01-17 16:30:12,Democrats have now won 34 Republican state legislative seats since Trump became president | Analysis by‚Ä¶ https://t.co/mcJNh7COVG,0.5719,0.198,0.802,0.0,2018-01-11 19:06:14,RT @thexfiles: When someone hits on Scully... ü§¢ #TheXFiles https://t.co/nQc4EuAsmQ,0.0,0.0,1.0,0.0,2018-01-17 12:49:06,"""The common thread of all great Awl pieces is that the writing is so indicative of who the writer is and what their‚Ä¶ https://t.co/bCLWmhL9hW",0.6249,0.151,0.849,0.0
38,2018-01-16 17:17:56,"üá´üá∑ü•ñ 'The baguette is the envy of the whole world.'

France's President, Emmanuel Macron thinks the French baguette‚Ä¶ https://t.co/K8io3kL2pa",-0.2732,0.0,0.896,0.104,2018-01-03 00:47:26,"RT @BullCBS: Tonight, can #Bull prove that a teen accused of robbing a jewelry store isn't responsible for the crime? Tune in at 9/8c or st‚Ä¶",-0.7692,0.0,0.733,0.267,2018-01-17 16:20:33,"McDonald's is going green. By 2025, the fast food chain plans to use renewable, recyclable or certified materials i‚Ä¶ https://t.co/0HqLWUSCXF",0.0,0.0,1.0,0.0,2018-01-11 18:58:53,RT @djkhaled: Fan luv tune in !!! To #TheFour TODAY THURSDAY AT 8oclk est !!! https://t.co/Z10bYu0gih,0.5374,0.188,0.812,0.0,2018-01-17 12:41:01,"Drag is a job with long hours and scant immediate return. There's no union, there's no health care, but there are c‚Ä¶ https://t.co/FVyEnXckGk",-0.1406,0.085,0.727,0.188
39,2018-01-16 17:00:38,"‚úçüéµ Someone has managed to play the Star Wars Cantina theme song using a pencil, and scoring the tune with Algebra.‚Ä¶ https://t.co/E7CBIPnNyP",-0.296,0.096,0.76,0.144,2018-01-02 22:41:51,It's your last chance to choose the pro football player with the best off-the-field talent! Vote now to decide who‚Ä¶ https://t.co/6DjwqU0MB9,0.8516,0.34,0.66,0.0,2018-01-17 16:20:29,"After years fighting Iran-backed rebels in Yemen, Saudi Arabia is handing over $2 billion to its war-torn neighbor‚Ä¶ https://t.co/IbB0YU8JsG",-0.5106,0.0,0.798,0.202,2018-01-11 18:58:02,RT @ResidentFOX: RETWEET if you're ready to see what goes on behind the curtain. üíâ #TheResident premieres January 21 at 10/9c. https://t.co‚Ä¶,0.3612,0.111,0.889,0.0,2018-01-17 12:31:06,"Pope Francis said that he was ""pained and ashamed"" over the ""irreparable damage"" priests had inflicted on minors https://t.co/IsCdt978mc",-0.8442,0.0,0.637,0.363
40,2018-01-16 16:33:04,‚ö°Ô∏è‚ö°Ô∏è Lightning doesn't strike twice... or does it? Here's how lightning actually works. üëâ https://t.co/PhdWxWQb7T https://t.co/C7CPmDqI1M,0.0951,0.089,0.911,0.0,2018-01-02 08:00:03,"New year, new episodes -- all week long! It kicks off with an all-new #NCIS, #Bull and #NCISNOLA tonight starting a‚Ä¶ https://t.co/bcmAaUQJtf",0.0,0.0,1.0,0.0,2018-01-17 16:10:34,RT @CNNweather: Snow is expected from Florida to Maine with the most significant amounts of snow still to fall in North Carolina. Are you a‚Ä¶,0.2716,0.08,0.92,0.0,2018-01-11 18:57:42,RT @TheFourOnFOX: Who's gonna come out on top tonight? Don't miss an all new episode of #TheFour at 8/7c on @FOXTV! https://t.co/2dLD5QTk9L,0.3687,0.15,0.85,0.0,2018-01-17 12:19:05,The majority of members of the National Parks System Advisory Board have jointly resigned to protest Trump administ‚Ä¶ https://t.co/gbFnuZiWmh,-0.4588,0.0,0.81,0.19
41,2018-01-16 14:53:34,"RT @BBCWorld: Extraordinary footage shows the moment a speeding car crashes into the upper floor of an office building in California 

http‚Ä¶",0.0,0.0,1.0,0.0,2018-01-01 01:16:12,"Due to #NFL football games overrun, revised start times &amp; lineup for Eastern/Central Time Zones Only:
#60Minutes 8:‚Ä¶ https://t.co/rqOYbM5j0h",0.0,0.0,1.0,0.0,2018-01-17 16:09:16,"General Electric, once America's most successful conglomerate, could break itself apart https://t.co/bPwiijN2OD https://t.co/NY3oBOncKx",0.624,0.254,0.746,0.0,2018-01-11 18:00:02,Nothing is too much of a stretch for Michael Scofield. #PrisonBreak #TBT https://t.co/qH44FRPDua,0.0,0.0,1.0,0.0,2018-01-17 12:10:10,A Senate committee hearing on border security turned into a fight over how President Trump described some countries https://t.co/9SxCbhPFjK,-0.0516,0.12,0.75,0.13
42,2018-01-16 14:00:07,"Better out than in! 

ü§ß A man has ruptured his throat by stifling a sneeze. https://t.co/B8R6iHDWSl https://t.co/pDK9jWGokZ",0.4926,0.197,0.803,0.0,2017-12-31 14:37:05,Get ready for football! Stream NFL on CBS today with #CBSAllAccess. Try 1 month FREE with promo code BINGE (not ava‚Ä¶ https://t.co/NEntvW7QHd,0.7798,0.264,0.736,0.0,2018-01-17 16:05:08,"""2018 must be the year in which the truth takes a stand against power that would weaken it""

Read Sen. Jeff Flake's‚Ä¶ https://t.co/la4VfmRwDb",-0.128,0.092,0.797,0.112,2018-01-11 14:00:00,üé∂ Want to join #TheFour fan army? Now's your chance: https://t.co/yUUcFIxL0c üé∂,0.7003,0.565,0.435,0.0,2018-01-17 12:00:12,"√ìscar P√©rez, a rebel leader, was killed in a shootout with security forces in Venezuela, bringing an end to a drama‚Ä¶ https://t.co/JUSKVX5wOZ",-0.5719,0.098,0.653,0.249
43,2018-01-16 13:30:09,"üå®‚ùÑÔ∏è Heavy snow showers in the northern part of the UK today!

Here's a selection of your @BBCWthrWatchers photos. üëâ‚Ä¶ https://t.co/jpaqeoIG4a",0.0,0.0,1.0,0.0,2017-12-30 20:25:20,"RT @NoActivityCBS: All season nothing's happened. Now prepare for activity. Stream the #NoActivity season finale Sunday, Dec 31 on CBS All‚Ä¶",0.0,0.0,1.0,0.0,2018-01-17 15:57:28,"Republican Sen. Jeff Flake, a frequent critic of President Trump, took to the Senate floor Wednesday morning to reb‚Ä¶ https://t.co/PyaDl9of3y",-0.2732,0.0,0.896,0.104,2018-01-11 01:25:27,RT @FamilyGuyonFOX: Ever wondered what you'd look like in Quahog? #FamilyGuy Yourself in honor of our 300th episode!  https://t.co/vIUUqLMe‚Ä¶,0.7177,0.261,0.739,0.0,2018-01-17 11:45:08,"A plan to create a new American-backed, Kurdish-led border force in northeastern Syria has raised alarms in the reg‚Ä¶ https://t.co/k8dMcZFrwE",0.0,0.104,0.792,0.104
44,2018-01-16 13:03:03,How did flowering plants evolve and spread to become the dominant plants on Earth? üå∏üåªüå∫ https://t.co/rKVRfjNq4F https://t.co/mKVHx5YHfH,0.0,0.0,1.0,0.0,2017-12-30 20:24:58,RT @startrekcbs: Find out what happens when you boldly go too far. #StarTrekDiscovery continues January 7 on CBS All Access: https://t.co/f‚Ä¶,0.3612,0.116,0.884,0.0,2018-01-17 15:50:05,Former White House chief strategist Steve Bannon has struck a deal with special counsel Robert Mueller's team and w‚Ä¶ https://t.co/PbvR51xRBU,0.1779,0.124,0.783,0.092,2018-01-11 01:25:20,RT @Brooklyn99FOX: Is there anything Terry can't do? üôåüòÇ He's got the moves AND the best one-liners. #Brooklyn99 https://t.co/Ulv3VQzm4i,0.6369,0.189,0.811,0.0,2018-01-17 11:30:06,Morning¬†Briefing: Here's what you need to know to start your day https://t.co/ocN88VpoQ9 https://t.co/bAnI7dkBS9,0.0,0.0,1.0,0.0
45,2018-01-16 12:30:04,üêûüíª Remember when we thought the world was going to end in the year 2000? üòÇ https://t.co/73t9fHN58L,0.0,0.0,1.0,0.0,2017-12-29 16:06:02,Stream NC State Wolfpack at Arizona State Sun Devils LIVE today at 3PM ET with a 1-month FREE trial of‚Ä¶ https://t.co/8k50thgtip,0.0857,0.157,0.699,0.144,2018-01-17 15:48:53,"RT @CNNPolitics: Flake on President Trump‚Äôs criticism of the Russia investigation: ‚ÄúTo be very clear, to call the Russian matter a 'hoax,'‚Ä¶",0.024,0.16,0.723,0.116,2018-01-11 01:25:14,"RT @ResidentFOX: Never underestimate Nurse Nic Nevin. @EmilyVanCamp stars in #TheResident, premiering January 21. https://t.co/8ksM3T5OLE",-0.296,0.0,0.864,0.136,2018-01-17 11:15:08,"""We're devastated."" A mother of 2 describes how her husband was deported after 30 years in the U.S. https://t.co/5uDhsBQE07",0.0,0.0,1.0,0.0
46,2018-01-16 12:00:07,"A new book suggests 'selfies' empower the marginalised at a time when visibility equates political power. ü§≥

Is tha‚Ä¶ https://t.co/Y7Cz8S0sea",0.0,0.0,1.0,0.0,2017-12-28 20:31:01,"In case you missed this star-studded tribute to Carol Burnett's classic comedy series, catch up now! Watch The Caro‚Ä¶ https://t.co/wu7BxM9gtm",0.1511,0.121,0.783,0.096,2018-01-17 15:44:10,"GOP Sen. Jeff Flake on Trump's attacks on the free press: ""It is past time to stop excusing, or ignoring, or worse,‚Ä¶ https://t.co/uYLYDA7YlX",-0.5423,0.11,0.631,0.259,2018-01-11 01:25:06,RT @thexfiles: RETWEET if you're ready. üôå An all-new episode of #TheXFiles STARTS NOW. https://t.co/mypLwKnIWh,0.3612,0.161,0.839,0.0,2018-01-17 11:00:06,The democracy activist Joshua Wong was sentenced to 3 months in prison for his role in a protest demanding freer el‚Ä¶ https://t.co/Dv7s0IPDUH,-0.6369,0.083,0.591,0.327
47,2018-01-16 11:33:04,Dream job alert! This zoo is looking for a giraffe keeper. üôã https://t.co/MsJPdVy7qU https://t.co/aPMzRiMsOw,0.5411,0.31,0.69,0.0,2017-12-28 19:28:22,Some of TV's biggest stars saluted @TheNormanLear's impact on television and culture at The 40th Annual Kennedy Cen‚Ä¶ https://t.co/E74ChUW1uE,0.0,0.0,1.0,0.0,2018-01-17 15:40:05,"Colin Kaepernick says he is making his final $100,000 donation to complete his $1 million pledge to help groups wor‚Ä¶ https://t.co/lPkxbaWPI9",0.4019,0.119,0.881,0.0,2018-01-11 01:25:00,RT @davidduchovny: Props to Glen Morgan for a great episode! #TheXFiles is all-new TONIGHT on FOX https://t.co/CWyzWI4uxD,0.6588,0.226,0.774,0.0,2018-01-17 10:45:06,"Emmanuel Macron vowed that Calais, the port that is a focal point for migrants hoping to reach England, would never‚Ä¶ https://t.co/kXuF7dH9lI",0.4404,0.178,0.822,0.0
48,2018-01-16 11:03:03,Four-time Olympic champion Simone Biles says she was sexually abused by former Team USA gymnastics sports doctor La‚Ä¶ https://t.co/PzKmAb9Ohu,0.1531,0.161,0.702,0.136,2017-12-27 22:45:05,The search is on to find the pro football player with the best off-the-field talent. Vote for your favorite player‚Ä¶ https://t.co/R0fb5ngJ16,0.875,0.357,0.643,0.0,2018-01-17 15:38:04,"RT @CNNPolitics: Sen. Jeff Flake: ‚ÄúMr. President, it is a testament to the condition of our democracy that our own President uses words inf‚Ä¶",0.0,0.0,1.0,0.0,2018-01-11 01:24:52,RT @911onFOX: #911onFOX üìû TONIGHT üìû 9/8c üìû @FOXTV https://t.co/cRXkSnRwNv,0.0,0.0,1.0,0.0,2018-01-17 10:30:07,Stephen Bannon has been subpoenaed to testify before a grand jury as part of the special counsel's investigation in‚Ä¶ https://t.co/pj50JJgd9P,0.6908,0.251,0.749,0.0
49,2018-01-16 10:48:22,RT @bbcthree: London is experiencing a huge spike in acid attacks. We sort the myths from the facts. #AcidAttack https://t.co/lnCBJjVA5E,-0.1531,0.104,0.766,0.131,2017-12-27 21:04:10,"Celebrate everyone's favorite classic sitcom with Carol Burnett, Vicki Lawrence, and more stars during The Carol Bu‚Ä¶ https://t.co/SaiZ9TzBVO",0.7717,0.295,0.705,0.0,2018-01-17 15:37:48,Sen. Jeff Flake says President Trump‚Äôs attacks on a free press have ‚Äúinspired dictators and authoritarians‚Äù‚Ä¶ https://t.co/kb8hMM1mwO,0.1027,0.163,0.693,0.144,2018-01-11 00:08:04,Name a more iconic duo. #TheOC https://t.co/3ewRHYedYX,0.0,0.0,1.0,0.0,2018-01-17 10:15:06,"President Trump's health is excellent, his doctor said, with ""no indication whatsoever"" of mental impairment. But h‚Ä¶ https://t.co/qD3qEXJOdJ",0.3612,0.169,0.731,0.1
50,2018-01-16 09:00:09,üåüüíçüåü Your favourite piece of jewellery might have begun in a collision between two neutron stars. üìª‚Ä¶ https://t.co/cO48Fssxw5,-0.3612,0.0,0.865,0.135,2017-12-27 19:52:02,Joy to the world of streaming! Try #CBSAllAccess FREE for 1 month ‚Äì just use code BINGE by 1/2:‚Ä¶ https://t.co/9p1ACnslz6,0.8452,0.337,0.663,0.0,2018-01-17 15:35:44,Republican Sen. Jeff Flake in his Senate floor speech directed at President Trump: ‚ÄúThe free press is the despot‚Äôs‚Ä¶ https://t.co/6fLRDXYtLO,0.5106,0.148,0.852,0.0,2018-01-10 22:16:42,"RT @thexfiles: Nothing is off limits. üëΩ 

Season 11 continues TONIGHT at 8/7c. #TheXFiles https://t.co/PTbzmO30bW",0.0,0.0,1.0,0.0,2018-01-17 10:00:18,Peter Madsen was formally indicted on charges of premeditated homicide over the death of the Swedish journalist Kim‚Ä¶ https://t.co/RESPtZSTwx,-0.7184,0.0,0.739,0.261
51,2018-01-16 08:47:01,RT @BBCSport: It's just 25 days until the Winter Olympics... https://t.co/1n3dNpMWMK,0.0,0.0,1.0,0.0,2017-12-27 19:40:34,"Music legend Stevie Wonder salutes @LionelRichie while performing his classic hit, ""Easy"" at The 40th Annual Kenned‚Ä¶ https://t.co/7TeDeNyhgo",0.0,0.0,1.0,0.0,2018-01-17 15:30:16,It's so cold in parts of Siberia that eyelashes are freezing https://t.co/WoFWn3lXMU https://t.co/iHcz2p2cDL,-0.1027,0.0,0.896,0.104,2018-01-10 21:28:06,"A little #WednesdayWisdom, only make calls when you are sober. #LethalWeapon https://t.co/MaENqFCjFu",0.0,0.0,1.0,0.0,2018-01-17 09:46:06,"A former CIA agent was arrested by the FBI. He is suspected of compromising agency informants in China, many of who‚Ä¶ https://t.co/1D8kcm9WoM",-0.6124,0.0,0.792,0.208
52,2018-01-16 08:40:01,The Gruffalo and The Highway Rat illustrator explains how he brings classic children's characters to life. ‚úç https://t.co/02hVrHzU57,0.0,0.0,1.0,0.0,2017-12-27 12:00:01,"As the youngest Kennedy Center Honoree in 40 years, @LLCoolJ talks about what motivates him to chase his dreams. Wa‚Ä¶ https://t.co/DFY78y99w3",0.7003,0.234,0.766,0.0,2018-01-17 15:24:47,"Republican Sen. Jeff Flake is giving a speech from the Senate floor, where he is expected to compare President Trum‚Ä¶ https://t.co/YGQuWOLAJM",0.34,0.112,0.888,0.0,2018-01-10 18:00:03,The truth is out there. üëΩ Tonight at 8/7c. #TheXFiles https://t.co/VNqbsdQiwE,0.3182,0.204,0.796,0.0,2018-01-17 09:30:18,The majority of members of the National Parks System Advisory Board have jointly resigned to protest Trump administ‚Ä¶ https://t.co/zOitITKOTO,-0.4588,0.0,0.81,0.19
53,2018-01-16 08:35:28,"RT @CBeebiesHQ: You're up #EarlyMan! 

Eddie Redmayne's back on 24th Jan. üòÅ

The perfect end to the day. üòâ

#BedtimeStory https://t.co/3ecQ‚Ä¶",0.6114,0.182,0.818,0.0,2017-12-27 07:27:33,Here's to the 2017 Kennedy Center Honorees! Catch up on an evening of stunning performances and inspiring speeches‚Ä¶ https://t.co/jGfANpSCul,0.8398,0.36,0.64,0.0,2018-01-17 15:20:11,"Ann Curry says she's ""not surprised"" by the sexual misconduct allegations against her former ""Today"" co-anchor Matt‚Ä¶ https://t.co/dVArxQ8puS",-0.1695,0.0,0.911,0.089,2018-01-10 14:00:04,Prepare for turbulence. Captain Dave is taking you from #LAtoVegas: https://t.co/Gj7P6XDpix https://t.co/IV5176RfbE,0.0,0.0,1.0,0.0,2018-01-17 09:16:01,"RT @nytopinion: ""This is what my worry is. The whole N.H.S. is being made to deliberately fail. So that private entities can be put into pl‚Ä¶",-0.7506,0.0,0.789,0.211
54,2018-01-16 08:34:30,"RT @BBCR1: Getting ready for the release of the Radio 1 K-pop and @BTS_twt documentaries with @AdeleRoberts like...

#ARMY, are you ready?‚Ä¶",0.3612,0.111,0.889,0.0,2017-12-27 04:00:52,This celebration could go all night long! What a great final performance in honor of @LionelRichie. #KCHonors https://t.co/xKLWpKr3v0,0.8221,0.336,0.664,0.0,2018-01-17 15:09:03,9 men charged in the death of a 20-year-old Florida State University fraternity pledge who died after a night of he‚Ä¶ https://t.co/hEysakymif,-0.8519,0.0,0.632,0.368,2018-01-09 23:22:54,"RT @EdwardWeeks: Why is Capt Dave creeping on Ronnie &amp; Colin? Discover TONIGHT you sodden gorgeosities in an all-new #LAtoVegas, 9/8c on @F‚Ä¶",0.0,0.0,1.0,0.0,2018-01-17 09:00:15,Catholicism has lost millions of followers in Latin America in recent years. The decline in Chile has been among th‚Ä¶ https://t.co/gLCd9Y30zP,-0.3182,0.0,0.897,0.103
55,2018-01-16 08:34:17,RT @BBCWthrWatchers: Some of us waking up to #snow this morning https://t.co/NlHi3QL1M0,0.0,0.0,1.0,0.0,2017-12-27 03:59:48,RT @MarkAPrinceJr: A #LionelRichie tribute is not complete without üé∂All Night Longüé∂ üòÅ #KCHonors,0.0,0.0,1.0,0.0,2018-01-17 14:58:19,"""For 38 excruciating minutes last weekend, many people in Hawaii believed they were under missile attack,"" and this‚Ä¶ https://t.co/KwhMvDWgVF",-0.6486,0.0,0.807,0.193,2018-01-09 23:16:20,RT @TheMickFOX: What the *bleep* is going on? Find out TONIGHT at 9:30/8:30c! #TheMick https://t.co/6GCax3ieBR,0.0,0.0,1.0,0.0,2018-01-17 08:45:04,"Tyler Hilinski, a Washington State quarterback, was found dead in an apartment on Tuesday https://t.co/yzO5svwNcx",-0.6486,0.0,0.751,0.249
56,2018-01-16 08:20:03,"Ever wondered why children sing 'here we go round the mulberry bush' or why houses in Suffolk are pink? 

Your ques‚Ä¶ https://t.co/566yPNAdVh",0.0,0.0,1.0,0.0,2017-12-27 03:36:01,Carmen de Lavallade (@CarmenDances) got emotional during those beautiful performances in her honor. Congratulations‚Ä¶ https://t.co/gOCAZpZDpt,0.8271,0.42,0.58,0.0,2018-01-17 14:45:45,Walmart is giving away free opioid disposal kits to allow people to safely throw out unused opioid prescription pil‚Ä¶ https://t.co/H74MuTl7N4,0.8689,0.403,0.597,0.0,2018-01-09 21:36:02,Easier said than done. #ArrestedDevelopment https://t.co/6MUR3EUnW2,0.4215,0.359,0.641,0.0,2018-01-17 08:33:05,"""Dolores O‚ÄôRiordan always looked so small behind those big guitars, but with fragility there was fierceness, one of‚Ä¶ https://t.co/ffQAe0iqdx",0.0,0.0,1.0,0.0
57,2018-01-16 08:00:04,"üó£üé∂ Most of us instinctively know the difference between singing &amp; talking.

But since music &amp; speech are both just‚Ä¶ https://t.co/Sjx40nfwAW",0.0,0.0,1.0,0.0,2017-12-27 03:35:29,RT @Glamourtunist: This tribute to Carmen de Lavallade at the #KCHonors is so beautiful and well deserved. ‚ù§Ô∏è,0.8103,0.315,0.685,0.0,2018-01-17 14:33:38,Tuesday brought nasty cold temperatures to states from Texas to Maine where millions of people were dealing with fr‚Ä¶ https://t.co/JG1Mk5aQO0,-0.5574,0.0,0.841,0.159,2018-01-09 20:22:15,RT @PassengerShame: Captain Dave is Savage AF!! üòÇüë®üèª‚Äç‚úàÔ∏èüíã I‚Äôll be watching again tonight on @FOXTV! üôèüèº 9pm üì∫ @LAtoVegasFOX is KILLING IT!! #L‚Ä¶,-0.8834,0.0,0.683,0.317,2018-01-17 08:18:03,"To save Indonesia‚Äôs dwindling elephants, conservation groups are going undercover to catch poachers https://t.co/D5inl3OJu1",0.4939,0.198,0.802,0.0
58,2018-01-16 07:38:04,üòÑüòêüò´ Our emotions can have an unexpected downside of how we respond to others in pain. https://t.co/GnAICf32ln https://t.co/l7TrgedkQA,-0.6486,0.0,0.751,0.249,2017-12-27 03:03:49,RT @llcoolj: Attn: #HIPHOP !!!! We made history!! #KCHonors,0.0,0.0,1.0,0.0,2018-01-17 14:31:31,"CNN‚Äôs Chief Medical Correspondent @drsanjaygupta has analyzed President Trump‚Äôs medical exam, concluding the number‚Ä¶ https://t.co/jtEVIVyyb1",0.0,0.0,1.0,0.0,2018-01-09 18:00:05,"Person I graduated with: I'm married with 2 kids and just bought a house. 
‚†Ä‚†Ä‚†Ä‚†Ä‚†Ä‚†Ä‚†Ä‚†Ä‚†Ä‚†Ä‚†Ä‚†Ä‚†Ä‚†Ä‚†Ä‚†Ä‚†Ä‚†Ä‚†Ä‚†Ä‚†Ä‚†Ä‚†Ä‚†Ä‚†Ä‚†Ä‚†Ä‚†Ä‚†Ä‚†Ä
Me: ‚†Ä‚†Ä‚†Ä‚†Ä‚†Ä‚Ä¶ https://t.co/0rp49F5pmC",0.0,0.0,1.0,0.0,2018-01-17 08:02:03,"RT @nytopinion: ""We‚Äôve reached the point where we‚Äôre not able to give more anymore. People cannot give any more, and that‚Äôs what we‚Äôre star‚Ä¶",0.1027,0.057,0.943,0.0
59,2018-01-15 20:12:31,RT @BBCNewsbeat: Cyrille Regis was an inspiration to many footballers both on and off the pitch üôè https://t.co/uoJqWWcXql,0.5267,0.175,0.825,0.0,2017-12-27 03:03:26,.@llcoolj is making history! He‚Äôs the Kennedy Center‚Äôs first hip-hop honoree. #KCHonors https://t.co/kCqkOdUjtu,0.5255,0.22,0.78,0.0,2018-01-17 14:23:58,"This is what the new Dunkin' Donuts stores will look like -- sans ""Donuts"" on the sign https://t.co/A8RF31dl2d https://t.co/qVcI49uNRM",0.3612,0.122,0.878,0.0,2018-01-09 17:14:51,"RT @davidduchovny: You said you‚Äôd be right next to me when you died, too. You were right. But this isn‚Äôt death. It‚Äôs a beginning. So much m‚Ä¶",-0.8176,0.0,0.762,0.238,2018-01-17 07:57:41,Sketch Guy: Should You Buy Bitcoin? Ask a Different Question First https://t.co/U3RSB9GjCc,0.0,0.0,1.0,0.0
60,2018-01-15 20:09:52,"RT @bbcasiannetwork: üáÆüá≥ @HarpreetUK has got the moves! üíÅüèΩ
Watch the moment she smashed her dance challenge with India's No. 1Ô∏è‚É£dance crew @‚Ä¶",-0.2942,0.052,0.847,0.101,2017-12-27 02:57:56,RT @ErinAnnCullen: #KCHonors is always a night of inspiration. Thank you to these artists for your impact on our country. ‚ù§Ô∏èüß°üíõüíöüíôüíú,0.7096,0.247,0.753,0.0,2018-01-17 14:14:30,Read President Trump's physical exam report https://t.co/vvXZEaQWZA,0.0,0.0,1.0,0.0,2018-01-09 17:14:09,"RT @DylanMcDermott: I will be live tweeting tonight! 9pm EST 
You‚Äôre not ready! https://t.co/0sjCZb7uhb",-0.4007,0.0,0.817,0.183,2018-01-17 07:38:48,Everybody‚Äôs buying an Instant Pot. Here‚Äôs what you can cook in it. https://t.co/lq3a1efsYt https://t.co/7gZNhsVn2C,0.0,0.0,1.0,0.0
61,2018-01-15 20:08:50,"RT @mixital: This week's @bbceastenders story of the week features a shocking discovery at The Vic! 

Watch Chris' brilliant #fanfic story‚Ä¶",0.3382,0.165,0.726,0.109,2017-12-27 02:48:52,Give a round of applause to television pioneer and 2017 Honoree @TheNormanLear! #KCHonors https://t.co/20UosF987x,0.7345,0.36,0.64,0.0,2018-01-17 14:05:10,North Korea-linked hackers targeted cryptocurrency investors and exchanges just as bitcoin started to soar to recor‚Ä¶ https://t.co/hyObhk9pmy,0.0,0.0,1.0,0.0,2018-01-09 17:13:58,RT @TheSimpsons: Like for ‚òïÔ∏è. Retweet for üç∫. #TheSimpsons https://t.co/AJw46rgWVb,0.3612,0.217,0.783,0.0,2018-01-17 07:19:39,"""The Bitcoin bubble may ultimately turn out to be a distraction from the true significance of the blockchain."" https://t.co/B15gUByS6H",0.3182,0.218,0.667,0.116
62,2018-01-15 20:08:25,RT @cbbc: Find out what it's like having a dad in prison with #MyLife Missing Dad today 5.30pm https://t.co/UMLCkp9wpI,-0.4588,0.109,0.652,0.239,2017-12-27 02:45:34,RT @AliL: This tribute to Norman Lear on #KCHonors is outstanding AND a walk down my childhood TV memory lane. üëèüèªüì∫,0.6124,0.174,0.826,0.0,2018-01-17 13:56:07,"The spread of the plague during the Black Death that killed millions was fueled by humans, not rodents, as previous‚Ä¶ https://t.co/u1ZLbvta8L",-0.8555,0.0,0.693,0.307,2018-01-09 17:13:36,RT @Brooklyn99FOX: One way to avoid to choking on donut holes is to eat bigger donuts. üç© #RealCopAdvice #Brooklyn99 https://t.co/sGkIQ6byWW,-0.6369,0.0,0.766,0.234,2018-01-17 07:03:04,"RT @nytopinion: There‚Äôs no honor or wisdom in cozying up to Donald Trump‚Äîjust a heap of manure. That‚Äôs the story of Senator Lindsey Graham,‚Ä¶",0.6597,0.229,0.694,0.076
63,2018-01-15 19:17:04,"üìö Discover the life story and work of Irish novelist James Joyce. 

Anjelica Huston on James Joyce: A Shout in the‚Ä¶ https://t.co/ZSr9IF6dGp",0.0,0.0,1.0,0.0,2017-12-27 02:28:07,RT @llcoolj: Moments I‚Äôll never forget!!! #KCHonors,0.3699,0.298,0.702,0.0,2018-01-17 13:49:28,A teen escaped from her parents' Southern California home and tipped authorities off to a gruesome scene: 13 childr‚Ä¶ https://t.co/CSvcN4ir1K,0.0,0.0,1.0,0.0,2018-01-09 13:55:01,üëìüêéüëì  Tina appreciation post. üëìüêéüëì #BobsBurgers https://t.co/ijYmfGn03c,0.5106,0.355,0.645,0.0,2018-01-17 06:34:17,A photographer captures a colorful world of craft and complexity inside one of America‚Äôs last pencil factories https://t.co/zAFkB5S1AH,0.0,0.0,1.0,0.0
64,2018-01-15 19:00:07,üêä‚ùÑÔ∏è How snappers are coping with the cold snap! https://t.co/HXcJ2n3bh3,0.0,0.0,1.0,0.0,2017-12-27 02:26:46,.@GloriaEstefan approves of those amazing musical performances in her honor! #KCHonors https://t.co/i3EVYEoKRx,0.8748,0.526,0.474,0.0,2018-01-17 13:38:37,President Trump bragged on Twitter that his approval rating with black Americans has doubled. It hasn't.‚Ä¶ https://t.co/hpqD8WIcFN,0.4767,0.162,0.838,0.0,2018-01-09 00:00:03,When you're hangry and your friends are arguing about where to go for dinner. #NewGirl https://t.co/mqQ7l859iS,0.0258,0.154,0.697,0.149,2018-01-17 06:18:02,"RT @nytimesarts: Joel Kramer, a longtime Hollywood stuntman, was accused of sexual misconduct by three women over the weekend, including on‚Ä¶",-0.296,0.0,0.896,0.104
65,2018-01-15 17:56:06,üé¨ @RussellCrowe stars as an Australian who travels to Turkey after the Battle of Gallipoli to try and locate his th‚Ä¶ https://t.co/7ejtbKyAzn,-0.3818,0.0,0.885,0.115,2017-12-27 02:20:11,RT @thepickypantry: Beautiful tribute to @GloriaEstefan on the Kennedy Center Honors. Love Mi Tierra! Amazing and inspiring what a fighter‚Ä¶,0.9601,0.566,0.434,0.0,2018-01-17 13:29:55,A contraceptive app is under fire after more than three dozen users experienced unplanned pregnancies‚Ä¶ https://t.co/Iaw1v3lJHv,-0.34,0.0,0.854,0.146,2018-01-08 23:23:20,RT @thexfiles: .@GillianA is a ‚≠êÔ∏è! Congratulations on being added to the Hollywood Walk of Fame. #TheXFiles https://t.co/OmbHaWVPIr,0.7959,0.321,0.679,0.0,2018-01-17 06:14:10,"Macron Defends Migration Policy in France, Walking a Fine Line https://t.co/V5MgPhBUJj",0.2023,0.167,0.833,0.0
66,2018-01-15 17:43:04,"RT @BBC6Music: Excuse me while I kiss you... on both cheeks! 
Previously unheard @JimiHendrix coming on @shaunwkeaveny's @BBC6Breakfast sho‚Ä¶",0.5255,0.215,0.785,0.0,2017-12-27 02:00:29,Time to celebrate the 2017 honorees at The 40th Annual Kennedy Center Honors! Tune in now on CBS and CBS All Access‚Ä¶ https://t.co/1OULMpCfPy,0.8908,0.346,0.654,0.0,2018-01-17 13:20:20,JUST IN: North and South Korean athletes will march together at the Winter Olympics opening ceremony under a unifie‚Ä¶ https://t.co/d7zekAwNvU,0.0,0.0,1.0,0.0,2018-01-08 20:30:01,When it's tea time. üçµ #Empire https://t.co/BFHjGniSUi,0.0,0.0,1.0,0.0,2018-01-17 06:03:02,"Joshua Wong, democracy advocate, is sentenced in Hong Kong https://t.co/UIPRj0r5v9",-0.0258,0.0,0.891,0.109
67,2018-01-15 17:40:58,"The Cranberries lead singer Dolores O'Riordan has died in London at the age of 46, her publicist has confirmed. üíî‚Ä¶ https://t.co/koJrY04IEd",-0.5574,0.0,0.847,0.153,2017-12-27 01:08:32,"Tonight, @LionelRichie, @LLCoolJ, @GloriaEstefan, @TheNormanLear &amp; Carmen de Lavallade will be recognized at The 40‚Ä¶ https://t.co/jZJqNo8h3b",0.0,0.0,1.0,0.0,2018-01-17 13:17:30,The founder of a popular neo-Nazi website who encouraged his readers to launch an avalanche of hate toward a Jewish‚Ä¶ https://t.co/nOGPsjyNqV,0.1531,0.212,0.64,0.148,2018-01-08 18:00:01,Mondays. üôÉ #TheSimpsons https://t.co/wqbn4mD7bZ,0.0,0.0,1.0,0.0,2018-01-17 05:48:03,"With 25,000 fever readings a day, a thermometer company claims to know better than the CDC where the flu is https://t.co/rel4r3Npm5",0.0772,0.129,0.756,0.116
68,2018-01-15 17:30:03,These robots can 'imagine' the future. ü§ñüí≠ https://t.co/7cWUlVIkHk,0.0,0.0,1.0,0.0,2017-12-26 12:00:01,"Don't miss the breathtaking performances, standing ovations and moving tributes that will leave you inspired. Here'‚Ä¶ https://t.co/imILa52fjz",0.2415,0.218,0.61,0.173,2018-01-17 13:09:14,"""I am no longer broken by you."" Larry Nassar's abuse victims, in their own words https://t.co/3OIug3cG7I",-0.8957,0.0,0.504,0.496,2018-01-08 14:00:01,We can attest to this statement... #Lucifer https://t.co/oPFlF03quP,0.0,0.0,1.0,0.0,2018-01-17 05:33:02,RT @nytopinion: The G.O.P. has rejected the very values that made America great: education and immigration https://t.co/o4XAfTYgla,0.5849,0.291,0.574,0.135
69,2018-01-15 17:00:13,New research suggests the female advantage in life expectancy has fundamental biological roots.‚Ä¶ https://t.co/qjCCiZ19cd,0.25,0.133,0.867,0.0,2017-12-25 12:00:05,"Experience the performances and the memories when 2017 Honorees @LionelRichie, @GloriaEstefan, Carmen de Lavallade,‚Ä¶ https://t.co/ygbqASVL7t",0.5106,0.191,0.809,0.0,2018-01-17 13:02:28,"Jorge Garcia, the Detroit man deported to Mexico, has a message for his kids: ‚ÄúWe are going through hard times, but‚Ä¶ https://t.co/yBNs14IqO2",-0.1027,0.0,0.935,0.065,2018-01-07 20:30:03,Would you have a snake as a pet? üò≥ #911onFOX https://t.co/CCUixhaRLf,0.0,0.0,1.0,0.0,2018-01-17 05:17:02,"Jo Jo White, a tireless player whose nearly unstoppable jump shot helped the Boston Celtics win 2 NBA titles in the‚Ä¶ https://t.co/rEcnQk06Vk",0.4588,0.161,0.763,0.076
70,2018-01-15 14:30:07,"It's easy to feel bogged down by bad weather and post-festive blues at this time of year. But fear not! 

Here are‚Ä¶ https://t.co/nzRV8TsYJw",-0.6239,0.097,0.669,0.234,2017-12-25 00:48:24,"Due to NFL overrun CBS is delayed 36mins in Charlotte/NC, Cincinnati/OH, Nashville, Atlanta, New Orleans, Baton Rou‚Ä¶ https://t.co/20mnbAhpTm",-0.2263,0.0,0.899,0.101,2018-01-17 13:00:31,"President Trump expands US military footprint despite candidate Trump's ""America First"" campaign rhetoric‚Ä¶ https://t.co/vv7YHWvsxJ",0.1027,0.097,0.903,0.0,2018-01-07 18:00:03,When it's not 9:30/8:30c yet... #LastManOnEarth https://t.co/LEKzFtiuiT,0.0,0.0,1.0,0.0,2018-01-17 05:07:41,"Jo Jo White, Deadeye Shooter for Boston Celtics, Dies at 71 https://t.co/XX7gRNoKX3",0.0,0.0,1.0,0.0
71,2018-01-15 14:02:03,"155 years ago, the world's first tunnel underneath a river was built. 

This is the history of the London Undergrou‚Ä¶ https://t.co/awVEDUOxSx",0.0,0.0,1.0,0.0,2017-12-24 20:40:42,"Tonight, get together and enjoy Christmas Eve with a two-hour marathon of your favorite classic sitcoms! Watch The‚Ä¶ https://t.co/SCv8TJy9Yp",0.7574,0.289,0.711,0.0,2018-01-17 12:58:06,"Detroit man deported to Mexico after 30 years in the US: ""I didn't go into the country by my choice. I was a kid. I‚Ä¶ https://t.co/0rk0Zkk7kd",0.0,0.0,1.0,0.0,2018-01-07 14:00:02,An all-new #FamilyGuy is comin' in hot tonight at 9/8c. https://t.co/632dpcwzMm,0.0,0.0,1.0,0.0,2018-01-17 05:01:11,High-Fat Diet May Fuel Spread of Prostate Cancer https://t.co/c9dWnJ5imL,-0.6597,0.0,0.645,0.355
72,2018-01-15 13:33:03,Thousands of people celebrated alternative black culture at Africa's first AfroPunk festival. üì∏‚Ä¶ https://t.co/nBFMlSDism,0.7845,0.365,0.635,0.0,2017-12-24 14:17:43,Get ready for football! Stream NFL on CBS today with #CBSAllAccess. Try 1 month FREE with promo code BINGE! (Not av‚Ä¶ https://t.co/6mR4bRR5Ey,0.7974,0.273,0.727,0.0,2018-01-17 12:51:59,"When Saudi Arabia's Jeddah Tower opens in 2020, it will knock Dubai's iconic Burj Khalifa off its throne as the tal‚Ä¶ https://t.co/pvx9GFQIgR",0.0,0.0,1.0,0.0,2018-01-06 20:30:05,üîëüîë SATURDAY FEELS. üîëüîë #TheFour https://t.co/hxRojS911G,0.0,0.0,1.0,0.0,2018-01-17 04:48:04,‚ÄúWe‚Äôre devastated.‚Äù A mother of 2 describes how her husband was deported after 30 years in the U.S. https://t.co/H0xWwIhTkh,0.0,0.0,1.0,0.0
73,2018-01-15 13:03:25,"RT @BBC_Teach: The stage is set for today's #500Words Live Lesson and it's looking üëå!

Join us and these lovely people üëá at 2pm to get thei‚Ä¶",0.7424,0.208,0.792,0.0,2017-12-24 12:30:02,"All In The Family star @RobReiner gives props to legendary television writer, producer and 2017 Kennedy Center Hono‚Ä¶ https://t.co/98jc5i63zE",0.0,0.0,1.0,0.0,2018-01-17 12:50:21,"Wife of Detroit man deported to Mexico after living 30 years in the US: ‚ÄúIt‚Äôs sad, it‚Äôs devastating, it‚Äôs a nightma‚Ä¶ https://t.co/Pz5BPnwtnv",-0.8126,0.0,0.72,0.28,2018-01-06 18:00:03,*Still screaming* #TheXFiles https://t.co/e0wIts3umJ,0.0,0.0,1.0,0.0,2018-01-17 04:33:03,Understanding grief https://t.co/F1SnB7Icua,-0.4939,0.0,0.385,0.615
74,2018-01-15 13:01:04,"Martin Luther King combined radical thought, political nous &amp; oratorical brilliance.

His I Have A Dream speech des‚Ä¶ https://t.co/esYwLTTPAL",0.7096,0.282,0.718,0.0,2017-12-23 16:21:17,"Rapper @BustaRhymes pays tribute to @LLCoolJ, performing his hit song ""Mama Said Knock You Out"" at The 40th Annual‚Ä¶ https://t.co/CRjQArUqwd",0.0,0.0,1.0,0.0,2018-01-17 12:50:01,"The Dubai Frame, believed to be the world's largest picture frame, gives visitors a spectacular new vantage point f‚Ä¶ https://t.co/yNNJgooOoZ",0.0,0.0,1.0,0.0,2018-01-06 14:00:02,What Chef says goes! Ketchup on last night's #HellsKitchen. ‚û°Ô∏è  https://t.co/adyc7NWAD1 https://t.co/6ysNMeeXkt,0.0,0.0,1.0,0.0,2018-01-17 04:18:02,The majority of members of the National Parks System Advisory Board have jointly resigned to protest Trump administ‚Ä¶ https://t.co/0AWwb3aMTB,-0.4588,0.0,0.81,0.19
75,2018-01-15 12:33:47,"RT @BBCRadio2: üéâ @achrisevans officially declares 2018's 500 Words competition....OPEN! üéâ
Do you know a child with a knack for storytelling‚Ä¶",0.0,0.0,1.0,0.0,2017-12-23 15:00:02,"Oh, what fun it is to stream! Start a 1-month FREE trial of #CBSAllAccess now. Use promo code BINGE by 1/2:‚Ä¶ https://t.co/rSAnDJDgbI",0.8236,0.286,0.714,0.0,2018-01-17 12:40:06,Hong Kong's most famous pro-democracy activist Joshua Wong is heading back to prison https://t.co/93moMj0Q0N https://t.co/CgNHL1CDU6,-0.5106,0.0,0.809,0.191,2018-01-06 00:00:03,It all starts with one call. üìû Watch the first episode of #911onFOX: https://t.co/lp0EunkIHb https://t.co/HjNZQUi6zi,0.0,0.0,1.0,0.0,2018-01-17 04:03:02,Horror for 13 California siblings hidden by veneer of a private home school https://t.co/9l290yUuuH,-0.5719,0.0,0.764,0.236
76,2018-01-15 12:33:01,"These turtles have to battle through piles of rubbish and debris to get back to the ocean. üê¢ 

#OurBluePlanet https://t.co/mbI36NK98e",-0.3818,0.0,0.874,0.126,2017-12-23 12:37:04,CBS stars are glowing with holiday spirit! See how the stars are getting festive this season:‚Ä¶ https://t.co/7qYTHoxFIc,0.7712,0.355,0.645,0.0,2018-01-17 12:30:10,What we learned from 365 days of Trump polls https://t.co/r4I8jNzh2p https://t.co/LGfUpuIvnt,0.0,0.0,1.0,0.0,2018-01-05 20:30:05,RETWEET if this is you right now. #FridayFeeling #TheSimpsons https://t.co/6PlU2Ko7qc,0.0,0.0,1.0,0.0,2018-01-17 03:48:04,RT @FrankBruni: Lindsey Graham is no hero in this. He lavished plenty of energy on propping up President Trump &amp; should have known better.‚Ä¶,0.5423,0.197,0.727,0.076
77,2018-01-15 12:28:53,RT @bbcthree: #McMafia - the real-life heists behind the BBC drama https://t.co/1livSl0Wjt https://t.co/quEY9ExXmY,0.0,0.0,1.0,0.0,2017-12-23 07:24:44,Spread some holiday cheer and laugh along with Dick Van Dyke and Mary Tyler Moore in two back-to-back episodes of T‚Ä¶ https://t.co/N89JoYvXZW,0.743,0.311,0.583,0.107,2018-01-17 12:20:08,"The first so-called ""ghost ship"" of 2018 washes up in Japan with dead North Koreans. More than 100 arrived on Japan‚Ä¶ https://t.co/wLxNAA74Op",-0.765,0.0,0.752,0.248,2018-01-05 18:30:12,RT @TheMickFOX: Were you a Kelly Taylor fan? #TheMick https://t.co/Tfe9kb6ofd,0.3182,0.223,0.777,0.0,2018-01-17 03:33:05,"""The Bitcoin bubble may ultimately turn out to be a distraction from the true significance of the blockchain."" https://t.co/iPO8ZCTMb0",0.3182,0.218,0.667,0.116
78,2018-01-15 12:13:03,"Pedal power! üö¥‚ö°Ô∏è 

How many cyclists would it take to power a home? https://t.co/CKtcL7xxtM https://t.co/gNtPFb3BBw",0.0,0.0,1.0,0.0,2017-12-23 06:39:45,Come home for the holidays with Lucy and Ricky in the I Love Lucy Christmas Special! Stream the full show:‚Ä¶ https://t.co/s7f9mjEtER,0.8687,0.365,0.635,0.0,2018-01-17 12:10:10,4 early predictions about Trump that went bust | Analysis by @GregJKrieg https://t.co/10CIYAJ6eI https://t.co/OsapFfcmyA,0.0,0.0,1.0,0.0,2018-01-05 17:57:05,Which team will dominate #HellsKitchen tonight at 8/7c? https://t.co/N0wpJ7JyBs,-0.128,0.0,0.842,0.158,2018-01-17 03:18:04,A photographer captures a colorful world of craft and complexity inside one of America‚Äôs last pencil factories https://t.co/3aRO9rcH8v,0.0,0.0,1.0,0.0
79,2018-01-15 12:10:56,"RT @bbcideas: Humans are rubbish! We get diseases, our bodies start to creak‚Ä¶ but what if we could become part-machine? ü§îüé• https://t.co/uVF‚Ä¶",0.0,0.0,1.0,0.0,2017-12-23 01:38:37,"Tonight at 9/8c, gather the family for two hilarious episodes of this classic sitcom in The Dick Van Dyke Show- Now‚Ä¶ https://t.co/YcyECVr2NN",-0.1531,0.104,0.769,0.127,2018-01-17 12:00:24,"5 things for Wednesday:

- Russia investigation
- National security
- Navy ship collisions
- Palestinian aid
- Rohi‚Ä¶ https://t.co/6K044bXBDY",0.0772,0.145,0.727,0.127,2018-01-05 14:00:05,Gene is reckless. üí® #BobsBurgers https://t.co/euKsI4gdAZ,-0.4019,0.0,0.597,0.403,2018-01-17 03:03:02,"CVS, the American pharmaceutical giant, has pledged to stop ""materially altering"" all of the imagery associated wit‚Ä¶ https://t.co/4HXk67EaZ7",-0.296,0.0,0.885,0.115
80,2018-01-15 11:56:03,"London's air quality is within legal limits in mid-January for the first time in 10 years, City Hall has said. üöôüí®‚Ä¶ https://t.co/deEVaBEkOA",0.128,0.067,0.933,0.0,2017-12-23 00:39:52,Get ready to laugh in the holidays tonight with Lucy and the gang in the I Love Lucy Christmas Special at 8/7c! Str‚Ä¶ https://t.co/txU2TwXWOg,0.9422,0.469,0.531,0.0,2018-01-17 11:50:04,"From Texas to Maine, a winter storm bringing frigid temperatures and snow has put portions of 23 states and more th‚Ä¶ https://t.co/YJSzE0gSRV",0.0,0.0,1.0,0.0,2018-01-05 04:04:52,At the #FOXTCA party with @crystalmreed üéâ https://t.co/F37GneYRBD,0.4019,0.31,0.69,0.0,2018-01-17 02:48:01,"A lawsuit, filed by 21 state attorneys general, said the FCC's actions on net neutrality broke federal law https://t.co/6a01SSFYoZ",-0.5719,0.0,0.773,0.227
81,2018-01-15 11:34:17,"Everybody gets down sometimes. But if it's stopping you living your life, you may be depressed.‚Ä¶ https://t.co/hGYCHIEd1K",-0.1531,0.0,0.909,0.091,2017-12-22 19:35:35,"Tonight, ring in the holidays with two back-to-back episodes of a timeless comedy classic, now in color! Watch the‚Ä¶ https://t.co/skJsgJdQel",0.6588,0.241,0.759,0.0,2018-01-17 11:40:10,Former gang members in El Salvador fear more crime if TPS ends https://t.co/g17P03yfkT https://t.co/y6PEgiKIAk,-0.7902,0.0,0.632,0.368,2018-01-05 04:04:30,At the #FOXTCA party with @BlairPerkins üéâ https://t.co/3eM69D3AXI,0.4019,0.31,0.69,0.0,2018-01-17 02:33:06,Formidable tail weaponry is nearly absent in living animals. Scientists have an explanation for what happened to th‚Ä¶ https://t.co/mLvVv9GftE,-0.2263,0.0,0.905,0.095
82,2018-01-15 11:18:03,"ü•õü¶Ü Defeated by 'youthquake' to be @OxfordWords' word of the year, 'milkshake duck' has - perhaps fittingly - won so‚Ä¶ https://t.co/WgobKLupRq",0.1531,0.155,0.714,0.13,2017-12-22 18:03:20,"Groundbreaking, daring, fearless. This is CBS All Access Originals. 

Sign up now to watch @StarTrekCBS,‚Ä¶ https://t.co/kvPsJafYrN",0.6597,0.278,0.722,0.0,2018-01-17 11:30:05,North Korea linked to new cryptocurrency attacks https://t.co/7zERv90gUo https://t.co/0zaTid2Fkb,-0.4404,0.0,0.734,0.266,2018-01-05 04:03:56,At the #FOXTCA party with Matt Czuchry! üéâ https://t.co/OA1gv3Ayd3,0.4574,0.299,0.701,0.0,2018-01-17 02:17:06,RT @SangerNYT: For 70 years American strategy has assumed adversaries could pose an existential threat to US only with nuclear weapons. Imp‚Ä¶,-0.8074,0.0,0.696,0.304
83,2018-01-15 10:37:22,‚õ∏‚ùÑÔ∏è Synchronised ice skating is NOT as easy as it looks. üòÇ https://t.co/IL8jqldnCV,0.4404,0.209,0.791,0.0,2017-12-22 14:04:52,2017 Honoree @LLCoolJ is the first hip-hop artist recognized at the #KCHonors! Learn more about the @NCISLA star's‚Ä¶ https://t.co/eK91KdBNpG,0.5255,0.159,0.841,0.0,2018-01-17 11:18:41,The Yelp rating for the Trump International Hotel in Washington fell two stars after hundreds of one-star reviews w‚Ä¶ https://t.co/Rmk63wFgEs,0.0,0.0,1.0,0.0,2018-01-05 04:03:26,At the #FOXTCA party with @keeshasharp üéâ https://t.co/0S5pQ7bmMW,0.4019,0.31,0.69,0.0,2018-01-17 02:03:03,Evening Briefing: Here's what you need to know at the end of the day https://t.co/UjWCQS8lXh,0.0,0.0,1.0,0.0
84,2018-01-15 10:34:23,RT @BBCArchive: Cyrille Regis making football look very easy indeed in 1981 https://t.co/JgW9mlN2Sj,0.4927,0.21,0.79,0.0,2017-12-21 12:04:04,"She's at it again! Tomorrow, relive Lucy's hilarious antics during the I Love Lucy Christmas Special at 8/7c on CBS‚Ä¶ https://t.co/g01UGGLEDk",0.8718,0.368,0.632,0.0,2018-01-17 11:08:01,Fox News had a story at the height of the presidential election that detailed an alleged sexual relationship betwee‚Ä¶ https://t.co/GyycN8YPDa,0.0,0.0,1.0,0.0,2018-01-05 04:03:05,At the #FOXTCA party with @nathanleegraham üéâ https://t.co/W8N5dawDGn,0.4019,0.31,0.69,0.0,2018-01-17 01:48:05,YouTube said it altered the threshold for which videos can accept ads and pledged more human oversight of its top-t‚Ä¶ https://t.co/i1LDtnJBfv,0.3818,0.115,0.885,0.0
85,2018-01-15 10:30:44,"RT @BBCOne: How to feel better on #BlueMonday: 
‚Ä¢ 1: Watch this. 
‚Ä¢ 2: See above. 

üêØüêÜü¶ÅüêÖüê± 
#BigCats ‚Ä¢ https://t.co/ZrUUTF46lx ‚Ä¢ @BBCiPlayer‚Ä¶",0.4404,0.146,0.854,0.0,2017-12-21 01:04:27,"RT @survivorcbs: 6 heroes, 6 healers, 6 hustlers, but only 1 sole #Survivor. Ready to find out who it is? Tune in to the #SurvivorFinale no‚Ä¶",0.6597,0.213,0.787,0.0,2018-01-17 10:57:46,"9 Park Service advisory board members quit, citing concern over the Trump administration's priorities regarding the‚Ä¶ https://t.co/n3d1FEgI1y",0.0,0.0,1.0,0.0,2018-01-05 04:02:29,At the #FOXTCA party with @TheManishDayal üéâ https://t.co/FzB4hFsWeR,0.4019,0.31,0.69,0.0,2018-01-17 01:33:04,"A baby who had experimental surgery while still in the womb for a severe spinal defect, is born: full-term and kick‚Ä¶ https://t.co/CpAF8Q6zWl",-0.6124,0.0,0.783,0.217
86,2018-01-15 09:00:05,"üí° From wifi to drones, here are five Nikola Tesla predictions that came true. üëâ https://t.co/U05rvEERkv https://t.co/aswLID44m4",0.4215,0.167,0.833,0.0,2017-12-20 23:00:04,Watch @kelly_clarkson deliver a moving performance of 'Christmas Eve' during A Home for the Holidays with‚Ä¶ https://t.co/TAcstl7VYh,0.3818,0.157,0.843,0.0,2018-01-17 10:46:01,President Trump scored 30/30 on a cognitive test during his physical examination. Could you do the same? https://t.co/w0QpJnSSnZ,0.0,0.0,1.0,0.0,2018-01-05 04:02:10,At the #FOXTCA party with @TheManishDayal and @therealmelinak üéâ https://t.co/wCvX2Hy0Wt,0.4019,0.252,0.748,0.0,2018-01-17 01:18:01,"RT @NYTNational: The California home where 13 emaciated siblings were found was registered as a school. But inside, the authorities found t‚Ä¶",0.0,0.0,1.0,0.0
87,2018-01-15 08:44:20,"RT @CBeebiesHQ: Today is #BlueMonday - the most depressing day of the year (apparently) üò¢

Thankfully, the @NHS has advice on how you can b‚Ä¶",-0.024,0.105,0.787,0.108,2017-12-20 21:08:10,"In two days, celebrate the holidays with the gang with two back-to-back episodes of the classic sitcom during the I‚Ä¶ https://t.co/FRr8jX7MXZ",0.743,0.249,0.751,0.0,2018-01-17 10:28:20,"President Trump starts his day around 5:30 a.m. Here's a window inside his morning ""executive time.""‚Ä¶ https://t.co/0PKX8AK84j",0.0,0.0,1.0,0.0,2018-01-05 04:00:53,At the #FOXTCA party with @stuholden and @alexilalas üéâ https://t.co/63kIKIZiEB,0.4019,0.252,0.748,0.0,2018-01-17 01:03:07,"Philip Roth shares his thoughts on President Trump, #MeToo and retirement https://t.co/XVJF2Dx2kH",0.296,0.167,0.833,0.0
88,2018-01-15 08:44:03,"RT @BBCBreakfast: Could you write a 500 word story? ‚úçÔ∏è
Today Radio 2 launch their children's writing competition '500 Words' and @davidwall‚Ä¶",0.0,0.0,1.0,0.0,2017-12-20 20:10:15,2017 Honoree @LLCoolJ salutes James Brown for paving the way for artists like himself. Don't miss The 40th Annual K‚Ä¶ https://t.co/310Wfk7EoW,0.7222,0.281,0.719,0.0,2018-01-17 09:46:29,"The flash of light that lit the night sky in Michigan on Tuesday is likely a meteor, the National Weather Service s‚Ä¶ https://t.co/ltrzhS4Ybo",0.0,0.0,1.0,0.0,2018-01-05 04:00:35,At the #FOXTCA party with @ChandlerLKinney üéâ https://t.co/4RNOpFTXiI,0.4019,0.31,0.69,0.0,2018-01-17 00:47:05,"RT @MarkMazzettiNYT: Last May, the NYT reported on how the CIA‚Äôs network in China had been systematically dismantled. Man at center of mole‚Ä¶",0.0,0.0,1.0,0.0
89,2018-01-15 08:40:40,"RT @BBCEarth: It seems the return of the wolves has had remarkable consequences for the entire Yellowstone Park ecosystem
https://t.co/bgHH‚Ä¶",0.5574,0.159,0.841,0.0,2017-12-20 19:31:47,Singer-songwriter @JoshGroban delivers a powerhouse performance while raising awareness of adoption through foster‚Ä¶ https://t.co/FiQKJdx7Ty,0.0,0.0,1.0,0.0,2018-01-17 09:39:19,"Nestle is selling nearly $3 billion worth of its US candy brands -- including Butterfinger, BabyRuth and Nerds -- t‚Ä¶ https://t.co/PLGCXWYEqK",0.2263,0.087,0.913,0.0,2018-01-05 03:59:24,At the #FOXTCA party with @shauneywood üéâ https://t.co/6KBSh4ab6j,0.4019,0.31,0.69,0.0,2018-01-17 00:33:02,"Mathilde Krim, who has died at 91, crusaded against AIDS with appeals to conscience that raised funds and internati‚Ä¶ https://t.co/LsOk9owljC",-0.5574,0.0,0.841,0.159
90,2018-01-15 08:40:02,"Every parent needs to watch this! 

üì±üë®‚Äçüë©‚Äçüëß‚Äçüë¶ Some words of advice on how to keep your children safe online. https://t.co/czwGqmZvL3",0.4926,0.144,0.856,0.0,2017-12-20 15:30:01,Do you know all the nominees for Album Of The Year? Get familiar with this year's GRAMMY¬Æ  Award nominees ahead of‚Ä¶ https://t.co/GYnxLT3n4p,0.5423,0.143,0.857,0.0,2018-01-17 09:29:38,"The antique look of the Mercedes-Benz G-class SUV is a big part of its rugged charm. So much so, in fact, that even‚Ä¶ https://t.co/YWmXrmJeZo",0.4019,0.109,0.891,0.0,2018-01-05 03:59:14,At the #FOXTCA party with @RealMerrinD üéâ https://t.co/5shcyOegXo,0.4019,0.31,0.69,0.0,2018-01-17 00:18:03,"RT @nytvideo: There is no singular experience of becoming a mother. Our video series tells your stories, inspired by more than 1,300 submis‚Ä¶",0.25,0.126,0.787,0.087
91,2018-01-15 08:38:25,RT @BBCiPlayer: üí™ #agynessdeyn and @mrjimsturgess have a box set challenge for you. Who‚Äôs in? ‚òÄÔ∏è #HardSun https://t.co/zq0wbM1ED6,0.0772,0.08,0.92,0.0,2017-12-20 01:01:19,RT @survivorcbs: This finale is going to be unlike any ending in the history of #Survivor. Don't miss the finale + reunion all starting Wed‚Ä¶,0.1139,0.059,0.941,0.0,2018-01-17 09:17:02,Read President Trump's physical exam report https://t.co/GSYPLS8j2b,0.0,0.0,1.0,0.0,2018-01-05 03:58:36,At the #FOXTCA party with @AishaHinds üéâ https://t.co/o5gsgxb7nQ,0.4019,0.31,0.69,0.0,2018-01-17 00:07:06,"Bill Miller, the investor who beat the S&amp;P 500 for 15 straight years, donated $75 million to support philosophy at‚Ä¶ https://t.co/8pM1s0v8Qa",0.5574,0.195,0.805,0.0
92,2018-01-15 08:20:04,"Brain injury doesn't always result in an undesirable personality change. 

üòàüòá When personality goes from bad to goo‚Ä¶ https://t.co/i0Tq3OKNBM",-0.8481,0.0,0.635,0.365,2017-12-20 00:14:34,"This Friday, gather around the tree and celebrate the holidays with Lucille Ball! Watch two colorized back-to-back‚Ä¶ https://t.co/4wopbmS4ez",0.7644,0.292,0.708,0.0,2018-01-17 09:10:39,"This is what the new Dunkin' Donuts stores will look like -- sans ""Donuts"" on the sign https://t.co/l7AyAa7xBn https://t.co/VKKLUa9D1o",0.3612,0.122,0.878,0.0,2018-01-05 03:57:54,At the #FOXTCA party with Bruce Greenwood! üéâ https://t.co/Kt4URm13k6,0.4574,0.299,0.701,0.0,2018-01-16 23:59:08,Marc Stein often knows what's happening in the NBA before the players do. He's willing to share. Sign up for his ne‚Ä¶ https://t.co/vIsPG7iErH,0.296,0.091,0.909,0.0
93,2018-01-15 08:01:01,"Sunday vibes on a #MondayMorning... üò¥

#BigCats https://t.co/K2rRMTFU5S",0.0,0.0,1.0,0.0,2017-12-19 21:12:50,Kevin and Vanessa took a trip back in time on last night's #KevinCanWait. Watch the latest episode now:‚Ä¶ https://t.co/SAqbLOd1Pg,0.0,0.0,1.0,0.0,2018-01-17 09:01:05,"Killing NAFTA would cost the United States 300,000 jobs, cut economic growth, hurt stocks and cause prices for cons‚Ä¶ https://t.co/o6P4UaAOdk",-0.6705,0.178,0.495,0.327,2018-01-05 03:57:04,At the #FOXTCA party with @dantebrown @hollytaylor97 and @dirkblocker üéâ https://t.co/gkW2EPbYwq,0.4019,0.231,0.769,0.0,2018-01-16 23:55:03,NBA Power Rankings: A team-by-team progress report at the midseason https://t.co/mypfCDssg4,0.4215,0.237,0.763,0.0
94,2018-01-15 07:38:04,"üëëüñº King of the collectors. 

A new exhibition brings the treasures amassed by Charles I together again for the firs‚Ä¶ https://t.co/FN6i566H5e",0.4215,0.135,0.865,0.0,2017-12-19 21:00:03,"Find out how to watch A Home for the Holidays with @JoshGroban, featuring performances by @Kelly_Clarkson,‚Ä¶ https://t.co/Y6zrR9PigH",0.3818,0.148,0.852,0.0,2018-01-17 09:00:06,The US has announced that it will hold back more than half of the funding it provides for a UN agency that supports‚Ä¶ https://t.co/vwS3yyfxP2,0.0,0.0,1.0,0.0,2018-01-05 03:55:48,At the #FOXTCA party with @MitchPileggi1 and @pileggisawyer üéâ https://t.co/msT7YP9l8n,0.4019,0.252,0.748,0.0,2018-01-16 23:48:05,Evening Briefing: Here's what you need to know at the end of the day https://t.co/vtvJfVLmB6,0.0,0.0,1.0,0.0
95,2018-01-14 20:15:03,Britain is the only place in the world with a medieval Coronation ceremony. üá¨üáß #TheCoronation https://t.co/WJfENrXnu3,0.0,0.0,1.0,0.0,2017-12-19 15:30:04,"In one week, celebrate a night of legends when @LionelRichie, @GloriaEstefan, Carmen de Lavallade (@CarmenDances),‚Ä¶ https://t.co/u7eXxb521H",0.5719,0.209,0.791,0.0,2018-01-17 08:51:24,Caroline Wozniacki pulls off amazing comeback at Australian Open https://t.co/aWIbkP4NAj https://t.co/XnoJdMK27a,0.5859,0.275,0.725,0.0,2018-01-05 03:54:22,At the #FOXTCA party with @MMitchenor üéâ https://t.co/XSp6FI9eS1,0.4019,0.31,0.69,0.0,2018-01-16 23:33:05,RT @adamgoldmanNYT: SCOOP: Ex-C.I.A. Officer Suspected of Compromising Chinese Informants Is Arrested https://t.co/S56Mw4jglW,-0.3954,0.135,0.577,0.288
96,2018-01-14 20:00:09,"Long nights, snowshoes and a broken down boat... 

üé•üêØüé¨ This is what it was really like filming #BigCats.‚Ä¶ https://t.co/Ot9oNcEwkI",-0.079,0.128,0.731,0.142,2017-12-19 14:42:58,"Kick off The 60th Annual #GRAMMYs with @NancyODell, @KevinFrazier &amp; @KeltieKnight as they go behind the scenes with‚Ä¶ https://t.co/J6KDEGV1g1",0.0,0.0,1.0,0.0,2018-01-17 08:45:12,"When Saudi Arabia's Jeddah Tower opens in 2020, it will knock Dubai's iconic Burj Khalifa off its throne as the tal‚Ä¶ https://t.co/VHCMeMim4b",0.0,0.0,1.0,0.0,2018-01-05 03:53:23,At the #FOXTCA party with @charliewalk @jesse_walk and @jagger_walk üéâ https://t.co/BjOVc2Z7XP,0.4019,0.231,0.769,0.0,2018-01-16 23:25:44,Breaking News: A former CIA agent was arrested by the FBI. He is suspected of compromising agency informants in Chi‚Ä¶ https://t.co/TwsmVeilWc,-0.6124,0.0,0.783,0.217
97,2018-01-14 19:30:08,"Ten times pop culture romanticised sexual harassment. 

And maybe you didn't even notice it...‚Ä¶ https://t.co/P28RPwXaNK",-0.2023,0.141,0.677,0.182,2017-12-19 00:39:07,"Country crooner Luke Bryan (@LukeBryanOnline) honors @LionelRichie with a smooth rendition of his original song, 'P‚Ä¶ https://t.co/XIF7ESukR8",0.6808,0.286,0.714,0.0,2018-01-17 08:37:03,Fox News had a story at the height of the presidential election that detailed an alleged sexual relationship betwee‚Ä¶ https://t.co/YTkMtV6I4H,0.0,0.0,1.0,0.0,2018-01-05 03:52:54,At the #FOXTCA party with @charliewalk üéâ https://t.co/vjcfh9OLmM,0.4019,0.31,0.69,0.0,2018-01-16 23:03:06,"NYC's comptroller is calling for an end to commercial bail. ""You‚Äôre further putting poor families into poverty,"" he‚Ä¶ https://t.co/fQ7GQDUGAm",-0.4767,0.0,0.853,0.147
98,2018-01-14 19:00:07,"No sympathy from the camera operator at all. üòÇ
https://t.co/cQF64ofzMz",0.0772,0.214,0.598,0.188,2017-12-18 22:53:34,The search is on to find the pro football player with the best off-the-field talent. Vote for your favorite player‚Ä¶ https://t.co/7uXC3SEz96,0.875,0.357,0.643,0.0,2018-01-17 08:33:06,"""Your silence and your amnesia is complicity‚Äù: Sen. Cory Booker unleashes on Homeland Security Secretary Kirstjen N‚Ä¶ https://t.co/gO1KoFKqL1",0.34,0.124,0.876,0.0,2018-01-05 03:52:07,At the #FOXTCA party with @lexluofficial üéâ https://t.co/zbNYqViXMO,0.4019,0.31,0.69,0.0,2018-01-16 22:48:04,J.M. Coetzee won a Nobel Prize for unsparing novels like ‚ÄúWaiting for the Barbarians‚Äù and ‚ÄúDisgrace.‚Äù But in his yo‚Ä¶ https://t.co/Gdx2LLZq5J,0.8591,0.358,0.642,0.0
99,2018-01-14 18:33:04,"On the 65th anniversary of the Coronation, the Queen shares her memories of the ceremony. üëë

#TheCoronation | 8pm |‚Ä¶ https://t.co/E9PmcZEnsf",0.296,0.109,0.891,0.0,2017-12-18 21:32:25,"It's the greatest gift a family can give. Celebrate adoption with superstars @JoshGroban, @Kelly_Clarkson,‚Ä¶ https://t.co/1wc6meuGF7",0.8957,0.495,0.505,0.0,2018-01-17 08:22:58,"In the wake of the Logan Paul controversy, YouTube is trying to reassure advertisers by pledging to ""manually revie‚Ä¶ https://t.co/9NdlEbX5hi",0.34,0.112,0.888,0.0,2018-01-05 03:51:44,At the #FOXTCA party with @blairperkins @ashminormusic and @lexluofficial üéâ https://t.co/GPsLnFyFX3,0.4019,0.231,0.769,0.0,2018-01-16 22:33:05,Satellite imagery of the California mudslides that are being used to identify what caused them https://t.co/4ml98yTyoM,0.0,0.0,1.0,0.0
